SKU,Quantity,Selling Price,Date,Channel,Region
AGR-FERT-001,494,41.66,2026-03-23,wholesale,North
AGR-IRRI-003,160,300.06,2026-03-23,distributor,North
AGR-SEED-012,269,90.39,2026-03-23,wholesale,Central
AGR-SEED-012,265,86.03,2026-03-23,online,East
ELC-PHN-001,454,862.31,2026-03-23,retail,North
ELC-PHN-001,347,860.55,2026-03-23,online,Central
ELC-SHM-002,118,150.81,2026-03-23,distributor,West
FSH-SHO-011,296,129.89,2026-03-23,wholesale,Central
FSH-WOM-001,410,193.28,2026-03-23,wholesale,South
FSH-WOM-001,539,178.66,2026-03-23,distributor,West
HW-FAST-01,509,29.79,2026-03-23,retail,West
HW-FAST-01,367,27.26,2026-03-23,retail,Central
HW-WIRE-01,351,93.14,2026-03-23,online,South
HW-WIRE-01,351,94.12,2026-03-23,wholesale,Central
HW-WIRE-01,276,93.2,2026-03-23,online,Central
PHA-ALL-007,1109,25.13,2026-03-23,online,Central
PHA-ALL-007,1458,22.36,2026-03-23,online,East
PHA-ANT-009,692,44.02,2026-03-23,retail,East
PHA-ONC-001,94,809.12,2026-03-23,wholesale,North
PHA-ONC-001,130,822.56,2026-03-23,wholesale,West
AGR-IRRI-003,139,293.17,2026-03-24,retail,East
AGR-PEST-007,146,36.42,2026-03-24,distributor,South
AGR-PEST-007,165,33.54,2026-03-24,online,North
AGR-SEED-012,261,85.8,2026-03-24,wholesale,North
ELC-LAP-003,261,1274.89,2026-03-24,distributor,South
ELC-PHN-001,450,927.96,2026-03-24,distributor,South
ELC-SHM-002,98,153.86,2026-03-24,wholesale,North
FSH-ACC-006,252,66.42,2026-03-24,online,South
FSH-MEN-004,758,83.55,2026-03-24,distributor,South
FSH-SHO-011,391,120.79,2026-03-24,retail,East
FSH-WOM-001,562,194.59,2026-03-24,wholesale,West
HW-CEMENT-01,523,30.87,2026-03-24,retail,South
HW-CEMENT-01,517,30.35,2026-03-24,online,Central
HW-CEMENT-01,517,29.68,2026-03-24,online,West
HW-DRILL-02,201,180.71,2026-03-24,retail,East
HW-DRILL-02,170,191.32,2026-03-24,distributor,South
PHA-INS-002,405,177.09,2026-03-24,wholesale,North
PHA-INS-002,390,172.79,2026-03-24,wholesale,South
PHA-ONC-001,97,850.45,2026-03-24,wholesale,South
AGR-FERT-001,629,44.74,2026-03-25,retail,North
AGR-IRRI-003,144,289.7,2026-03-25,distributor,West
AGR-IRRI-003,145,272.73,2026-03-25,retail,North
AGR-SEED-012,260,94.75,2026-03-25,online,West
AGR-SEED-012,295,93.25,2026-03-25,wholesale,South
AGR-SEED-012,205,88.62,2026-03-25,retail,Central
ELC-AUD-008,577,263.12,2026-03-25,wholesale,Central
ELC-AUD-008,587,240.35,2026-03-25,wholesale,Central
ELC-AUD-008,597,268.15,2026-03-25,retail,Central
ELC-LAP-003,241,1326.63,2026-03-25,wholesale,North
ELC-SHM-002,87,148.94,2026-03-25,distributor,South
ELC-SHM-002,87,137.58,2026-03-25,wholesale,South
FSH-ACC-006,207,67.0,2026-03-25,retail,North
FSH-ACC-006,263,74.52,2026-03-25,retail,North
FSH-MEN-004,711,87.3,2026-03-25,wholesale,East
FSH-MEN-004,604,94.45,2026-03-25,distributor,North
HW-DRILL-02,199,178.17,2026-03-25,wholesale,Central
HW-DRILL-02,170,175.59,2026-03-25,distributor,East
HW-FAST-01,496,26.48,2026-03-25,online,Central
HW-WIRE-01,311,89.04,2026-03-25,online,Central
PHA-ANT-009,613,46.01,2026-03-25,online,North
PHA-ONC-001,127,854.22,2026-03-25,online,North
PHA-ONC-001,138,848.66,2026-03-25,retail,South
AGR-FERT-001,661,41.68,2026-03-26,online,South
AGR-FERT-001,543,38.81,2026-03-26,distributor,Central
AGR-PEST-007,187,33.11,2026-03-26,distributor,Central
AGR-SEED-012,250,88.56,2026-03-26,wholesale,West
AGR-SEED-012,208,89.08,2026-03-26,wholesale,East
ELC-AUD-008,456,252.96,2026-03-26,retail,North
ELC-PHN-001,429,943.51,2026-03-26,online,South
ELC-SHM-002,118,138.09,2026-03-26,online,West
ELC-SHM-002,117,142.88,2026-03-26,distributor,Central
FSH-ACC-006,209,73.25,2026-03-26,retail,Central
FSH-SHO-011,374,121.1,2026-03-26,retail,South
FSH-WOM-001,442,192.23,2026-03-26,wholesale,East
HW-CEMENT-01,521,29.86,2026-03-26,retail,West
HW-FAST-01,476,29.74,2026-03-26,distributor,East
HW-WIRE-01,332,96.91,2026-03-26,online,North
HW-WIRE-01,296,93.91,2026-03-26,online,East
PHA-ANT-009,528,45.99,2026-03-26,distributor,South
PHA-INS-002,524,180.48,2026-03-26,online,East
AGR-IRRI-003,133,297.22,2026-03-27,online,North
AGR-IRRI-003,153,296.86,2026-03-27,distributor,West
ELC-AUD-008,624,248.59,2026-03-27,retail,West
ELC-AUD-008,517,242.32,2026-03-27,distributor,West
ELC-LAP-003,274,1210.22,2026-03-27,distributor,Central
FSH-ACC-006,236,64.45,2026-03-27,distributor,South
FSH-ACC-006,264,67.28,2026-03-27,wholesale,West
FSH-SHO-011,280,122.94,2026-03-27,retail,North
FSH-SHO-011,307,124.48,2026-03-27,retail,East
HW-CEMENT-01,581,30.3,2026-03-27,online,East
HW-FAST-01,411,26.18,2026-03-27,wholesale,Central
HW-FAST-01,407,29.49,2026-03-27,wholesale,West
PHA-ALL-007,1083,24.85,2026-03-27,online,Central
PHA-ANT-009,708,46.91,2026-03-27,retail,Central
PHA-ANT-009,702,41.72,2026-03-27,retail,South
PHA-INS-002,519,179.32,2026-03-27,wholesale,South
PHA-INS-002,402,192.88,2026-03-27,retail,West
AGR-FERT-001,676,44.57,2026-03-28,online,East
AGR-PEST-007,181,37.67,2026-03-28,distributor,South
AGR-PEST-007,184,37.02,2026-03-28,online,West
AGR-PEST-007,163,32.38,2026-03-28,distributor,East
AGR-PEST-007,206,35.24,2026-03-28,retail,North
AGR-SEED-012,210,84.37,2026-03-28,retail,West
ELC-PHN-001,454,905.53,2026-03-28,distributor,North
FSH-MEN-004,667,84.79,2026-03-28,retail,Central
FSH-SHO-011,362,128.9,2026-03-28,online,Central
FSH-WOM-001,582,184.09,2026-03-28,online,North
FSH-WOM-001,510,193.29,2026-03-28,wholesale,West
FSH-WOM-001,599,184.32,2026-03-28,distributor,South
HW-CEMENT-01,489,29.71,2026-03-28,online,North
HW-DRILL-02,163,170.76,2026-03-28,distributor,West
HW-DRILL-02,176,166.77,2026-03-28,online,North
HW-DRILL-02,201,181.81,2026-03-28,online,North
HW-FAST-01,486,29.67,2026-03-28,wholesale,East
HW-WIRE-01,292,88.95,2026-03-28,online,Central
HW-WIRE-01,353,99.3,2026-03-28,distributor,Central
PHA-ALL-007,1298,23.29,2026-03-28,distributor,North
PHA-ANT-009,545,48.36,2026-03-28,distributor,South
PHA-INS-002,390,186.78,2026-03-28,wholesale,South
PHA-ONC-001,126,812.77,2026-03-28,wholesale,East
PHA-ONC-001,116,853.28,2026-03-28,distributor,South
AGR-FERT-001,604,44.65,2026-03-29,retail,West
AGR-IRRI-003,158,288.74,2026-03-29,wholesale,West
AGR-PEST-007,189,33.24,2026-03-29,wholesale,West
ELC-LAP-003,283,1243.9,2026-03-29,wholesale,South
ELC-LAP-003,211,1200.16,2026-03-29,retail,West
ELC-SHM-002,121,148.05,2026-03-29,wholesale,North
FSH-ACC-006,192,67.7,2026-03-29,wholesale,West
FSH-ACC-006,264,64.13,2026-03-29,distributor,Central
FSH-MEN-004,744,86.2,2026-03-29,online,South
FSH-MEN-004,763,88.57,2026-03-29,wholesale,South
FSH-SHO-011,360,134.37,2026-03-29,distributor,Central
FSH-SHO-011,392,127.96,2026-03-29,wholesale,North
FSH-SHO-011,358,132.9,2026-03-29,distributor,South
FSH-WOM-001,516,192.57,2026-03-29,online,West
FSH-WOM-001,475,190.86,2026-03-29,wholesale,South
HW-CEMENT-01,428,29.95,2026-03-29,wholesale,North
HW-CEMENT-01,504,30.47,2026-03-29,retail,East
HW-FAST-01,501,27.57,2026-03-29,retail,East
HW-WIRE-01,290,100.54,2026-03-29,online,West
PHA-ALL-007,1202,23.07,2026-03-29,distributor,West
PHA-ANT-009,536,42.17,2026-03-29,retail,North
PHA-INS-002,373,192.1,2026-03-29,distributor,Central
PHA-ONC-001,111,813.06,2026-03-29,retail,South
AGR-FERT-001,429,40.34,2026-03-30,distributor,West
AGR-FERT-001,426,38.68,2026-03-30,wholesale,Central
AGR-PEST-007,159,34.81,2026-03-30,online,East
AGR-PEST-007,138,34.13,2026-03-30,distributor,Central
AGR-SEED-012,293,87.56,2026-03-30,wholesale,West
ELC-AUD-008,330,267.54,2026-03-30,wholesale,North
ELC-PHN-001,243,878.72,2026-03-30,wholesale,Central
ELC-PHN-001,260,946.38,2026-03-30,wholesale,Central
ELC-PHN-001,291,951.72,2026-03-30,distributor,East
FSH-ACC-006,239,67.36,2026-03-30,retail,Central
FSH-ACC-006,179,69.96,2026-03-30,retail,North
FSH-MEN-004,492,95.19,2026-03-30,distributor,East
FSH-WOM-001,578,181.38,2026-03-30,online,North
FSH-WOM-001,582,191.95,2026-03-30,distributor,East
HW-CEMENT-01,645,29.98,2026-03-30,wholesale,South
HW-FAST-01,450,29.53,2026-03-30,wholesale,Central
HW-FAST-01,340,29.74,2026-03-30,distributor,South
PHA-ONC-001,199,870.89,2026-03-30,online,North
AGR-FERT-001,424,41.84,2026-03-31,distributor,West
AGR-SEED-012,378,94.16,2026-03-31,wholesale,North
AGR-SEED-012,350,93.58,2026-03-31,distributor,West
ELC-AUD-008,443,245.45,2026-03-31,wholesale,West
ELC-LAP-003,178,1394.18,2026-03-31,distributor,North
ELC-PHN-001,276,833.67,2026-03-31,retail,East
ELC-PHN-001,272,928.03,2026-03-31,online,Central
ELC-SHM-002,126,143.18,2026-03-31,retail,Central
ELC-SHM-002,165,152.71,2026-03-31,retail,West
FSH-ACC-006,230,72.38,2026-03-31,wholesale,Central
FSH-ACC-006,251,72.43,2026-03-31,distributor,Central
FSH-MEN-004,477,85.16,2026-03-31,retail,West
FSH-MEN-004,465,89.66,2026-03-31,retail,Central
HW-CEMENT-01,604,31.6,2026-03-31,online,East
HW-WIRE-01,461,88.07,2026-03-31,retail,East
PHA-ALL-007,843,23.58,2026-03-31,wholesale,South
PHA-ALL-007,1085,25.55,2026-03-31,wholesale,South
PHA-INS-002,744,191.98,2026-03-31,wholesale,West
PHA-INS-002,685,169.29,2026-03-31,distributor,West
AGR-FERT-001,430,39.43,2026-04-01,retail,South
AGR-IRRI-003,180,284.56,2026-04-01,wholesale,Central
AGR-IRRI-003,190,286.85,2026-04-01,online,North
AGR-PEST-007,183,32.51,2026-04-01,wholesale,North
AGR-PEST-007,145,35.33,2026-04-01,online,Central
AGR-PEST-007,157,33.7,2026-04-01,distributor,East
ELC-PHN-001,232,858.05,2026-04-01,wholesale,North
ELC-PHN-001,286,932.04,2026-04-01,online,West
FSH-ACC-006,193,63.9,2026-04-01,online,South
FSH-MEN-004,525,89.89,2026-04-01,retail,South
FSH-SHO-011,472,138.34,2026-04-01,online,South
FSH-WOM-001,751,200.01,2026-04-01,distributor,South
FSH-WOM-001,637,176.6,2026-04-01,distributor,Central
HW-DRILL-02,263,177.08,2026-04-01,wholesale,North
HW-DRILL-02,199,168.34,2026-04-01,wholesale,East
HW-DRILL-02,237,169.41,2026-04-01,distributor,South
HW-FAST-01,350,29.15,2026-04-01,online,West
HW-FAST-01,424,25.78,2026-04-01,wholesale,South
HW-FAST-01,376,29.28,2026-04-01,retail,West
HW-WIRE-01,508,94.72,2026-04-01,distributor,South
PHA-ALL-007,1057,25.59,2026-04-01,wholesale,North
PHA-ONC-001,185,802.83,2026-04-01,online,East
AGR-IRRI-003,195,267.63,2026-04-02,distributor,East
AGR-IRRI-003,145,294.84,2026-04-02,distributor,North
ELC-AUD-008,432,239.64,2026-04-02,distributor,North
ELC-LAP-003,238,1349.64,2026-04-02,distributor,West
ELC-PHN-001,269,879.56,2026-04-02,wholesale,East
ELC-SHM-002,172,154.86,2026-04-02,retail,East
FSH-WOM-001,756,180.39,2026-04-02,wholesale,North
HW-CEMENT-01,726,33.62,2026-04-02,wholesale,Central
HW-DRILL-02,222,189.8,2026-04-02,wholesale,Central
HW-FAST-01,346,28.95,2026-04-02,distributor,North
HW-FAST-01,342,28.79,2026-04-02,distributor,Central
PHA-ALL-007,1114,22.2,2026-04-02,retail,Central
AGR-FERT-001,390,43.8,2026-04-03,wholesale,Central
AGR-IRRI-003,180,297.74,2026-04-03,retail,West
AGR-PEST-007,141,34.88,2026-04-03,retail,South
AGR-PEST-007,189,34.83,2026-04-03,wholesale,West
AGR-PEST-007,158,35.97,2026-04-03,online,South
AGR-SEED-012,369,86.79,2026-04-03,wholesale,North
ELC-LAP-003,184,1371.4,2026-04-03,distributor,South
ELC-LAP-003,231,1380.48,2026-04-03,distributor,Central
ELC-SHM-002,131,155.59,2026-04-03,wholesale,South
FSH-ACC-006,197,69.29,2026-04-03,online,East
FSH-ACC-006,195,64.92,2026-04-03,retail,East
FSH-MEN-004,577,91.63,2026-04-03,wholesale,West
FSH-WOM-001,512,177.13,2026-04-03,retail,East
HW-DRILL-02,277,183.51,2026-04-03,distributor,North
HW-FAST-01,451,26.23,2026-04-03,retail,East
HW-WIRE-01,602,90.34,2026-04-03,retail,Central
HW-WIRE-01,526,101.99,2026-04-03,wholesale,East
HW-WIRE-01,623,99.19,2026-04-03,retail,West
PHA-ALL-007,823,25.02,2026-04-03,distributor,West
PHA-ALL-007,1135,22.62,2026-04-03,online,North
PHA-ALL-007,1025,24.14,2026-04-03,online,East
PHA-ANT-009,974,44.2,2026-04-03,distributor,Central
PHA-ANT-009,996,43.24,2026-04-03,wholesale,South
PHA-ANT-009,1002,41.49,2026-04-03,retail,West
PHA-ANT-009,1011,47.81,2026-04-03,wholesale,North
PHA-INS-002,577,191.47,2026-04-03,wholesale,West
PHA-INS-002,507,175.6,2026-04-03,retail,West
PHA-ONC-001,187,798.75,2026-04-03,online,West
AGR-FERT-001,390,43.96,2026-04-04,retail,West
AGR-PEST-007,185,32.98,2026-04-04,wholesale,South
AGR-SEED-012,398,95.02,2026-04-04,retail,West
ELC-AUD-008,452,244.27,2026-04-04,retail,West
ELC-AUD-008,333,263.78,2026-04-04,retail,North
ELC-AUD-008,422,259.33,2026-04-04,online,Central
ELC-LAP-003,220,1380.61,2026-04-04,online,West
FSH-MEN-004,574,88.87,2026-04-04,retail,East
FSH-MEN-004,643,89.34,2026-04-04,online,North
FSH-SHO-011,526,123.83,2026-04-04,wholesale,South
FSH-SHO-011,416,127.23,2026-04-04,distributor,North
FSH-SHO-011,513,134.55,2026-04-04,distributor,Central
FSH-SHO-011,418,138.01,2026-04-04,wholesale,West
HW-CEMENT-01,633,30.5,2026-04-04,distributor,West
PHA-ONC-001,169,854.72,2026-04-04,online,Central
PHA-ONC-001,158,842.43,2026-04-04,online,Central
AGR-FERT-001,436,39.65,2026-04-05,retail,South
AGR-FERT-001,444,41.46,2026-04-05,wholesale,West
AGR-FERT-001,409,44.07,2026-04-05,distributor,South
AGR-IRRI-003,161,283.16,2026-04-05,online,South
AGR-SEED-012,294,93.02,2026-04-05,retail,West
AGR-SEED-012,322,91.29,2026-04-05,retail,South
ELC-AUD-008,442,233.05,2026-04-05,distributor,North
ELC-AUD-008,362,255.95,2026-04-05,distributor,East
ELC-LAP-003,202,1305.47,2026-04-05,wholesale,West
ELC-SHM-002,130,149.25,2026-04-05,online,Central
FSH-ACC-006,264,67.77,2026-04-05,retail,South
FSH-ACC-006,224,67.51,2026-04-05,online,East
FSH-SHO-011,511,137.64,2026-04-05,wholesale,South
FSH-SHO-011,522,126.79,2026-04-05,retail,Central
FSH-WOM-001,740,198.48,2026-04-05,wholesale,South
FSH-WOM-001,551,204.0,2026-04-05,distributor,West
HW-CEMENT-01,633,32.87,2026-04-05,retail,North
HW-CEMENT-01,819,32.84,2026-04-05,retail,North
HW-FAST-01,452,28.37,2026-04-05,retail,East
PHA-ANT-009,767,47.17,2026-04-05,online,East
PHA-INS-002,712,193.19,2026-04-05,distributor,East
AGR-FERT-001,422,39.84,2026-04-06,wholesale,Central
AGR-IRRI-003,109,307.43,2026-04-06,distributor,East
AGR-IRRI-003,119,273.49,2026-04-06,wholesale,Central
AGR-IRRI-003,130,265.19,2026-04-06,wholesale,North
AGR-PEST-007,167,37.23,2026-04-06,wholesale,North
AGR-PEST-007,173,32.83,2026-04-06,retail,West
AGR-SEED-012,338,93.72,2026-04-06,online,West
ELC-PHN-001,292,962.71,2026-04-06,wholesale,South
FSH-ACC-006,227,66.99,2026-04-06,retail,Central
FSH-ACC-006,305,65.03,2026-04-06,online,South
FSH-MEN-004,657,88.37,2026-04-06,online,Central
FSH-MEN-004,594,89.74,2026-04-06,online,North
FSH-SHO-011,452,135.95,2026-04-06,online,North
FSH-WOM-001,759,197.92,2026-04-06,wholesale,Central
FSH-WOM-001,648,178.02,2026-04-06,wholesale,West
HW-CEMENT-01,1027,31.54,2026-04-06,distributor,North
HW-CEMENT-01,926,34.46,2026-04-06,distributor,South
PHA-ALL-007,815,22.34,2026-04-06,online,South
PHA-ANT-009,440,42.7,2026-04-06,distributor,Central
PHA-ONC-001,132,849.69,2026-04-06,retail,East
PHA-ONC-001,129,795.78,2026-04-06,wholesale,South
AGR-PEST-007,230,35.12,2026-04-07,online,East
AGR-PEST-007,165,37.08,2026-04-07,retail,Central
ELC-AUD-008,644,265.77,2026-04-07,retail,North
ELC-AUD-008,660,265.07,2026-04-07,online,East
ELC-AUD-008,620,251.63,2026-04-07,retail,South
ELC-LAP-003,171,1226.84,2026-04-07,retail,North
ELC-LAP-003,204,1276.03,2026-04-07,online,Central
ELC-PHN-001,373,942.88,2026-04-07,distributor,East
ELC-SHM-002,94,148.26,2026-04-07,wholesale,East
ELC-SHM-002,114,147.82,2026-04-07,wholesale,North
FSH-ACC-006,281,69.68,2026-04-07,wholesale,South
FSH-ACC-006,226,63.5,2026-04-07,distributor,Central
HW-CEMENT-01,736,33.61,2026-04-07,wholesale,North
HW-DRILL-02,171,169.93,2026-04-07,distributor,East
HW-DRILL-02,226,177.18,2026-04-07,distributor,North
HW-FAST-01,424,27.93,2026-04-07,distributor,South
HW-WIRE-01,455,97.14,2026-04-07,retail,North
PHA-ALL-007,912,23.48,2026-04-07,wholesale,West
PHA-ANT-009,601,42.1,2026-04-07,retail,Central
PHA-ONC-001,97,849.5,2026-04-07,retail,West
AGR-FERT-001,413,41.19,2026-04-08,online,West
AGR-IRRI-003,92,289.13,2026-04-08,retail,East
AGR-IRRI-003,126,288.83,2026-04-08,wholesale,West
AGR-IRRI-003,97,286.75,2026-04-08,online,West
AGR-PEST-007,194,36.33,2026-04-08,online,East
AGR-SEED-012,371,88.27,2026-04-08,wholesale,Central
AGR-SEED-012,355,85.52,2026-04-08,distributor,West
AGR-SEED-012,339,96.02,2026-04-08,wholesale,Central
ELC-LAP-003,175,1343.38,2026-04-08,retail,East
ELC-LAP-003,167,1307.35,2026-04-08,retail,South
ELC-PHN-001,283,934.24,2026-04-08,wholesale,Central
FSH-ACC-006,310,65.33,2026-04-08,online,East
FSH-SHO-011,444,136.61,2026-04-08,online,West
FSH-SHO-011,400,124.53,2026-04-08,retail,Central
FSH-WOM-001,873,179.9,2026-04-08,distributor,Central
HW-DRILL-02,175,189.54,2026-04-08,retail,South
HW-FAST-01,345,26.45,2026-04-08,wholesale,East
HW-FAST-01,390,27.94,2026-04-08,retail,South
HW-WIRE-01,335,94.63,2026-04-08,distributor,Central
HW-WIRE-01,370,89.87,2026-04-08,distributor,North
PHA-ALL-007,884,23.34,2026-04-08,wholesale,Central
PHA-ANT-009,514,46.69,2026-04-08,wholesale,North
PHA-ANT-009,540,45.24,2026-04-08,distributor,East
PHA-ANT-009,518,48.58,2026-04-08,wholesale,West
PHA-INS-002,619,183.26,2026-04-08,wholesale,South
PHA-ONC-001,106,783.73,2026-04-08,online,North
AGR-IRRI-003,116,279.43,2026-04-09,wholesale,East
AGR-PEST-007,238,35.23,2026-04-09,retail,West
AGR-SEED-012,286,89.43,2026-04-09,distributor,North
ELC-AUD-008,729,259.37,2026-04-09,online,West
ELC-LAP-003,173,1307.86,2026-04-09,distributor,North
ELC-LAP-003,178,1391.02,2026-04-09,wholesale,West
ELC-SHM-002,79,145.87,2026-04-09,wholesale,North
FSH-MEN-004,633,90.86,2026-04-09,online,South
FSH-SHO-011,382,127.55,2026-04-09,retail,West
HW-CEMENT-01,945,29.5,2026-04-09,retail,West
HW-DRILL-02,197,184.99,2026-04-09,distributor,West
HW-DRILL-02,176,185.29,2026-04-09,retail,North
HW-FAST-01,455,30.01,2026-04-09,distributor,South
HW-FAST-01,344,26.46,2026-04-09,wholesale,North
PHA-ANT-009,445,45.19,2026-04-09,retail,Central
PHA-INS-002,607,177.67,2026-04-09,wholesale,East
AGR-IRRI-003,128,285.3,2026-04-10,distributor,East
AGR-PEST-007,213,35.17,2026-04-10,distributor,West
AGR-SEED-012,369,94.1,2026-04-10,wholesale,East
ELC-PHN-001,361,850.58,2026-04-10,distributor,East
ELC-SHM-002,80,149.17,2026-04-10,wholesale,West
ELC-SHM-002,99,155.96,2026-04-10,online,West
FSH-ACC-006,218,66.81,2026-04-10,retail,South
FSH-MEN-004,806,89.51,2026-04-10,wholesale,North
FSH-WOM-001,695,190.61,2026-04-10,online,West
FSH-WOM-001,776,190.51,2026-04-10,online,South
FSH-WOM-001,779,192.21,2026-04-10,retail,East
HW-FAST-01,470,29.67,2026-04-10,distributor,West
HW-FAST-01,483,26.25,2026-04-10,wholesale,Central
HW-WIRE-01,358,93.01,2026-04-10,online,Central
HW-WIRE-01,406,89.6,2026-04-10,retail,Central
PHA-ALL-007,1008,22.83,2026-04-10,retail,Central
PHA-INS-002,717,170.99,2026-04-10,wholesale,South
AGR-FERT-001,410,39.62,2026-04-11,online,Central
AGR-FERT-001,470,42.64,2026-04-11,retail,West
AGR-FERT-001,450,44.9,2026-04-11,online,East
AGR-FERT-001,499,40.85,2026-04-11,distributor,Central
AGR-IRRI-003,111,287.45,2026-04-11,distributor,West
AGR-PEST-007,187,35.44,2026-04-11,wholesale,West
AGR-SEED-012,374,83.27,2026-04-11,wholesale,West
ELC-PHN-001,355,858.67,2026-04-11,wholesale,North
ELC-PHN-001,330,954.33,2026-04-11,distributor,South
ELC-SHM-002,111,157.47,2026-04-11,distributor,West
FSH-ACC-006,306,72.22,2026-04-11,distributor,East
FSH-ACC-006,269,65.42,2026-04-11,wholesale,East
FSH-MEN-004,790,90.66,2026-04-11,distributor,West
FSH-SHO-011,459,126.07,2026-04-11,online,Central
FSH-SHO-011,501,136.89,2026-04-11,wholesale,South
HW-CEMENT-01,903,34.51,2026-04-11,retail,East
HW-DRILL-02,209,172.49,2026-04-11,retail,Central
HW-FAST-01,425,28.13,2026-04-11,retail,West
HW-WIRE-01,356,96.19,2026-04-11,wholesale,Central
PHA-ALL-007,1014,22.63,2026-04-11,retail,South
PHA-ALL-007,918,25.73,2026-04-11,wholesale,South
PHA-ALL-007,944,22.46,2026-04-11,online,South
PHA-ANT-009,598,45.42,2026-04-11,distributor,North
PHA-INS-002,631,174.69,2026-04-11,online,North
PHA-INS-002,554,182.33,2026-04-11,wholesale,East
PHA-ONC-001,100,852.76,2026-04-11,retail,West
AGR-FERT-001,493,38.97,2026-04-12,retail,North
AGR-FERT-001,454,40.87,2026-04-12,online,North
AGR-FERT-001,445,40.61,2026-04-12,retail,North
AGR-SEED-012,339,85.32,2026-04-12,retail,Central
ELC-AUD-008,504,243.36,2026-04-12,distributor,South
ELC-LAP-003,161,1327.61,2026-04-12,distributor,South
ELC-SHM-002,99,150.89,2026-04-12,wholesale,East
ELC-SHM-002,99,141.57,2026-04-12,distributor,Central
FSH-SHO-011,428,125.77,2026-04-12,online,North
FSH-SHO-011,371,128.1,2026-04-12,distributor,South
FSH-WOM-001,761,175.25,2026-04-12,online,Central
HW-FAST-01,438,25.98,2026-04-12,wholesale,East
HW-WIRE-01,433,100.45,2026-04-12,distributor,East
PHA-ALL-007,731,24.96,2026-04-12,distributor,Central
PHA-ANT-009,536,43.98,2026-04-12,distributor,West
PHA-ANT-009,535,47.35,2026-04-12,wholesale,Central
PHA-ONC-001,137,851.58,2026-04-12,online,East
PHA-ONC-001,120,809.43,2026-04-12,distributor,East
PHA-ONC-001,122,849.2,2026-04-12,online,Central
AGR-FERT-001,597,41.76,2026-04-13,online,South
AGR-SEED-012,625,83.73,2026-04-13,retail,North
ELC-AUD-008,520,244.32,2026-04-13,retail,West
ELC-SHM-002,82,150.38,2026-04-13,distributor,East
ELC-SHM-002,91,140.45,2026-04-13,wholesale,East
ELC-SHM-002,93,147.17,2026-04-13,wholesale,North
FSH-ACC-006,242,66.23,2026-04-13,online,East
FSH-ACC-006,222,65.36,2026-04-13,distributor,South
FSH-MEN-004,398,85.31,2026-04-13,wholesale,East
FSH-SHO-011,545,123.85,2026-04-13,wholesale,South
FSH-SHO-011,492,124.99,2026-04-13,retail,West
FSH-SHO-011,438,123.35,2026-04-13,distributor,North
FSH-SHO-011,553,135.55,2026-04-13,distributor,South
FSH-WOM-001,622,186.54,2026-04-13,distributor,South
HW-CEMENT-01,612,32.56,2026-04-13,distributor,West
HW-CEMENT-01,685,34.03,2026-04-13,wholesale,South
HW-DRILL-02,216,188.47,2026-04-13,distributor,West
HW-WIRE-01,273,87.86,2026-04-13,online,South
HW-WIRE-01,290,91.72,2026-04-13,retail,East
PHA-ALL-007,1135,25.1,2026-04-13,distributor,East
PHA-ALL-007,1068,24.41,2026-04-13,wholesale,South
PHA-ALL-007,1398,24.51,2026-04-13,distributor,Central
PHA-INS-002,348,172.92,2026-04-13,online,West
AGR-PEST-007,239,37.64,2026-04-14,online,South
AGR-PEST-007,204,37.77,2026-04-14,retail,West
ELC-LAP-003,146,1296.02,2026-04-14,distributor,East
ELC-LAP-003,191,1306.09,2026-04-14,distributor,Central
ELC-LAP-003,157,1265.23,2026-04-14,distributor,East
FSH-MEN-004,457,91.74,2026-04-14,distributor,East
HW-CEMENT-01,690,33.97,2026-04-14,wholesale,West
HW-CEMENT-01,622,30.96,2026-04-14,retail,West
HW-CEMENT-01,692,30.66,2026-04-14,distributor,East
HW-FAST-01,732,27.95,2026-04-14,online,Central
HW-WIRE-01,385,97.11,2026-04-14,retail,West
HW-WIRE-01,316,99.96,2026-04-14,online,East
HW-WIRE-01,267,100.21,2026-04-14,online,North
PHA-INS-002,337,193.22,2026-04-14,retail,West
AGR-IRRI-003,101,307.63,2026-04-15,distributor,South
AGR-PEST-007,220,37.55,2026-04-15,retail,Central
AGR-PEST-007,210,33.18,2026-04-15,retail,South
AGR-PEST-007,228,33.35,2026-04-15,online,East
AGR-PEST-007,207,34.71,2026-04-15,retail,Central
AGR-SEED-012,480,82.22,2026-04-15,online,North
ELC-AUD-008,532,264.89,2026-04-15,distributor,East
ELC-AUD-008,526,245.98,2026-04-15,wholesale,West
ELC-SHM-002,96,152.73,2026-04-15,retail,East
FSH-ACC-006,298,71.43,2026-04-15,online,West
FSH-MEN-004,440,83.01,2026-04-15,distributor,West
FSH-SHO-011,486,124.86,2026-04-15,distributor,South
FSH-WOM-001,551,203.84,2026-04-15,wholesale,Central
FSH-WOM-001,639,189.29,2026-04-15,distributor,Central
FSH-WOM-001,631,174.38,2026-04-15,wholesale,North
HW-DRILL-02,279,184.17,2026-04-15,distributor,East
HW-FAST-01,537,25.96,2026-04-15,distributor,Central
HW-FAST-01,666,29.79,2026-04-15,distributor,West
HW-WIRE-01,322,97.0,2026-04-15,wholesale,North
PHA-ANT-009,897,42.95,2026-04-15,wholesale,North
PHA-INS-002,385,182.06,2026-04-15,retail,North
PHA-ONC-001,109,788.81,2026-04-15,retail,North
PHA-ONC-001,136,875.83,2026-04-15,distributor,West
AGR-IRRI-003,124,297.08,2026-04-16,wholesale,South
ELC-PHN-001,199,833.86,2026-04-16,online,South
ELC-PHN-001,247,894.4,2026-04-16,wholesale,Central
ELC-PHN-001,205,827.55,2026-04-16,wholesale,Central
ELC-SHM-002,85,145.15,2026-04-16,online,East
FSH-ACC-006,292,74.18,2026-04-16,distributor,West
FSH-ACC-006,252,67.62,2026-04-16,distributor,Central
FSH-MEN-004,375,89.75,2026-04-16,online,North
FSH-SHO-011,425,126.59,2026-04-16,online,North
FSH-WOM-001,659,197.97,2026-04-16,online,Central
FSH-WOM-001,578,193.71,2026-04-16,retail,North
FSH-WOM-001,638,192.37,2026-04-16,distributor,North
PHA-ALL-007,1200,25.06,2026-04-16,distributor,Central
PHA-ANT-009,735,44.26,2026-04-16,online,East
PHA-ONC-001,142,818.49,2026-04-16,online,East
AGR-FERT-001,802,40.38,2026-04-17,wholesale,South
AGR-FERT-001,722,42.13,2026-04-17,distributor,West
AGR-IRRI-003,125,281.41,2026-04-17,online,West
AGR-IRRI-003,100,276.63,2026-04-17,distributor,East
AGR-IRRI-003,104,284.47,2026-04-17,retail,East
AGR-IRRI-003,114,306.41,2026-04-17,retail,West
AGR-IRRI-003,136,266.39,2026-04-17,online,Central
AGR-PEST-007,205,36.62,2026-04-17,retail,East
AGR-SEED-012,461,88.23,2026-04-17,retail,East
AGR-SEED-012,582,93.78,2026-04-17,online,North
ELC-AUD-008,427,247.45,2026-04-17,wholesale,West
ELC-LAP-003,176,1308.59,2026-04-17,retail,West
ELC-LAP-003,171,1212.53,2026-04-17,distributor,South
ELC-PHN-001,228,858.63,2026-04-17,retail,Central
ELC-SHM-002,89,140.86,2026-04-17,wholesale,East
ELC-SHM-002,84,155.95,2026-04-17,retail,Central
FSH-MEN-004,354,91.81,2026-04-17,wholesale,North
FSH-MEN-004,469,95.75,2026-04-17,online,South
FSH-WOM-001,632,189.73,2026-04-17,distributor,South
HW-CEMENT-01,692,30.63,2026-04-17,online,South
HW-DRILL-02,287,169.85,2026-04-17,online,South
HW-DRILL-02,304,167.72,2026-04-17,wholesale,South
HW-WIRE-01,292,94.71,2026-04-17,wholesale,West
PHA-ALL-007,1078,24.9,2026-04-17,online,North
PHA-ANT-009,765,44.1,2026-04-17,wholesale,East
PHA-ANT-009,606,42.37,2026-04-17,wholesale,North
PHA-ANT-009,768,48.07,2026-04-17,retail,North
PHA-INS-002,428,188.22,2026-04-17,wholesale,East
PHA-INS-002,449,166.97,2026-04-17,online,South
AGR-FERT-001,622,39.03,2026-04-18,online,West
AGR-FERT-001,757,44.92,2026-04-18,wholesale,West
AGR-IRRI-003,141,298.09,2026-04-18,retail,East
AGR-SEED-012,478,86.07,2026-04-18,online,West
ELC-AUD-008,508,232.02,2026-04-18,wholesale,Central
ELC-LAP-003,172,1279.11,2026-04-18,retail,West
ELC-PHN-001,205,924.96,2026-04-18,online,West
ELC-SHM-002,77,142.99,2026-04-18,distributor,West
ELC-SHM-002,95,146.42,2026-04-18,online,East
FSH-ACC-006,295,65.97,2026-04-18,distributor,North
FSH-ACC-006,222,73.88,2026-04-18,online,East
FSH-MEN-004,471,91.13,2026-04-18,online,North
FSH-MEN-004,342,89.0,2026-04-18,distributor,East
FSH-SHO-011,429,120.64,2026-04-18,retail,West
HW-CEMENT-01,636,30.69,2026-04-18,online,North
HW-FAST-01,639,27.78,2026-04-18,distributor,South
HW-WIRE-01,287,100.28,2026-04-18,retail,South
PHA-INS-002,357,172.39,2026-04-18,distributor,West
PHA-INS-002,367,176.0,2026-04-18,wholesale,East
PHA-ONC-001,101,897.77,2026-04-18,online,North
PHA-ONC-001,138,804.68,2026-04-18,retail,North
AGR-FERT-001,614,42.74,2026-04-19,wholesale,South
ELC-AUD-008,459,268.9,2026-04-19,distributor,North
ELC-LAP-003,158,1205.53,2026-04-19,distributor,East
ELC-LAP-003,189,1282.7,2026-04-19,online,West
ELC-PHN-001,280,924.93,2026-04-19,online,Central
ELC-PHN-001,216,919.28,2026-04-19,online,East
ELC-PHN-001,207,958.35,2026-04-19,wholesale,Central
FSH-ACC-006,304,66.74,2026-04-19,wholesale,East
FSH-MEN-004,425,88.01,2026-04-19,retail,North
FSH-WOM-001,684,174.83,2026-04-19,online,South
HW-DRILL-02,260,167.38,2026-04-19,wholesale,North
HW-FAST-01,706,28.47,2026-04-19,retail,Central
HW-FAST-01,708,26.16,2026-04-19,distributor,West
PHA-ALL-007,1158,24.69,2026-04-19,wholesale,West
PHA-ANT-009,848,46.37,2026-04-19,wholesale,Central
PHA-INS-002,316,177.74,2026-04-19,retail,Central
PHA-ONC-001,110,891.02,2026-04-19,wholesale,West
PHA-ONC-001,103,870.02,2026-04-19,wholesale,East
PHA-ONC-001,112,797.48,2026-04-19,distributor,West
AGR-PEST-007,293,34.47,2026-04-20,distributor,South
AGR-PEST-007,214,35.29,2026-04-20,wholesale,North
ELC-SHM-002,111,153.2,2026-04-20,retail,West
FSH-ACC-006,228,68.2,2026-04-20,wholesale,Central
FSH-ACC-006,239,64.76,2026-04-20,distributor,West
FSH-MEN-004,720,85.87,2026-04-20,online,South
FSH-MEN-004,616,89.91,2026-04-20,distributor,Central
FSH-SHO-011,614,118.85,2026-04-20,retail,West
HW-DRILL-02,221,169.35,2026-04-20,distributor,East
HW-FAST-01,579,28.53,2026-04-20,online,Central
HW-WIRE-01,370,101.45,2026-04-20,retail,South
HW-WIRE-01,476,96.33,2026-04-20,wholesale,South
PHA-ALL-007,1301,24.17,2026-04-20,distributor,South
PHA-ALL-007,1357,25.34,2026-04-20,retail,Central
PHA-ONC-001,155,862.34,2026-04-20,distributor,South
PHA-ONC-001,133,871.08,2026-04-20,online,Central
AGR-FERT-001,472,40.91,2026-04-21,distributor,West
AGR-IRRI-003,130,265.7,2026-04-21,wholesale,Central
AGR-IRRI-003,159,290.83,2026-04-21,retail,Central
AGR-SEED-012,467,85.83,2026-04-21,online,West
ELC-LAP-003,229,1199.32,2026-04-21,retail,South
ELC-LAP-003,257,1218.85,2026-04-21,retail,West
ELC-PHN-001,173,936.76,2026-04-21,online,Central
ELC-PHN-001,165,953.37,2026-04-21,online,North
ELC-SHM-002,138,140.77,2026-04-21,wholesale,North
ELC-SHM-002,130,155.46,2026-04-21,retail,West
FSH-ACC-006,288,68.0,2026-04-21,wholesale,East
FSH-SHO-011,668,130.85,2026-04-21,distributor,East
FSH-SHO-011,620,131.06,2026-04-21,wholesale,North
HW-CEMENT-01,897,31.14,2026-04-21,retail,South
PHA-ALL-007,1247,22.77,2026-04-21,retail,West
PHA-ANT-009,791,47.24,2026-04-21,online,Central
AGR-FERT-001,508,40.82,2026-04-22,online,North
AGR-IRRI-003,114,298.73,2026-04-22,distributor,West
AGR-PEST-007,206,35.79,2026-04-22,retail,East
ELC-AUD-008,518,257.8,2026-04-22,retail,North
ELC-PHN-001,200,843.17,2026-04-22,wholesale,East
ELC-SHM-002,100,142.19,2026-04-22,distributor,South
FSH-ACC-006,216,64.03,2026-04-22,distributor,South
FSH-ACC-006,279,67.56,2026-04-22,distributor,North
FSH-MEN-004,639,92.41,2026-04-22,online,Central
FSH-SHO-011,661,131.64,2026-04-22,retail,West
FSH-WOM-001,1004,200.12,2026-04-22,wholesale,Central
FSH-WOM-001,1040,195.2,2026-04-22,distributor,East
HW-CEMENT-01,730,33.47,2026-04-22,online,Central
HW-WIRE-01,423,93.02,2026-04-22,wholesale,South
PHA-ALL-007,1220,25.5,2026-04-22,wholesale,South
PHA-ALL-007,1040,25.0,2026-04-22,retail,North
PHA-INS-002,675,179.64,2026-04-22,distributor,North
AGR-FERT-001,489,40.88,2026-04-23,retail,North
AGR-IRRI-003,133,290.7,2026-04-23,distributor,Central
AGR-IRRI-003,122,306.07,2026-04-23,distributor,East
AGR-PEST-007,293,33.07,2026-04-23,wholesale,East
AGR-PEST-007,290,37.63,2026-04-23,retail,Central
AGR-PEST-007,262,33.43,2026-04-23,wholesale,North
AGR-SEED-012,392,82.74,2026-04-23,wholesale,South
AGR-SEED-012,348,95.83,2026-04-23,retail,Central
AGR-SEED-012,366,88.89,2026-04-23,retail,Central
ELC-AUD-008,497,251.98,2026-04-23,wholesale,North
ELC-PHN-001,241,920.56,2026-04-23,distributor,Central
ELC-PHN-001,170,859.4,2026-04-23,wholesale,North
FSH-ACC-006,213,63.76,2026-04-23,retail,East
FSH-ACC-006,280,66.41,2026-04-23,distributor,South
FSH-SHO-011,562,121.57,2026-04-23,wholesale,North
FSH-WOM-001,868,179.12,2026-04-23,wholesale,Central
FSH-WOM-001,823,181.33,2026-04-23,wholesale,South
FSH-WOM-001,881,202.12,2026-04-23,wholesale,East
HW-DRILL-02,180,185.63,2026-04-23,retail,South
HW-DRILL-02,175,171.56,2026-04-23,distributor,North
HW-FAST-01,618,25.97,2026-04-23,distributor,East
HW-WIRE-01,458,100.85,2026-04-23,wholesale,South
PHA-ALL-007,1275,22.43,2026-04-23,wholesale,Central
PHA-ANT-009,834,42.4,2026-04-23,wholesale,Central
PHA-ANT-009,910,42.97,2026-04-23,online,East
PHA-INS-002,536,190.58,2026-04-23,retail,Central
PHA-INS-002,660,178.96,2026-04-23,retail,South
PHA-ONC-001,188,797.36,2026-04-23,distributor,West
AGR-FERT-001,409,42.52,2026-04-24,wholesale,East
ELC-AUD-008,542,237.81,2026-04-24,retail,Central
ELC-PHN-001,205,911.72,2026-04-24,online,North
ELC-SHM-002,127,156.99,2026-04-24,online,East
ELC-SHM-002,105,154.93,2026-04-24,distributor,South
FSH-ACC-006,280,71.26,2026-04-24,distributor,South
FSH-ACC-006,280,65.21,2026-04-24,online,East
FSH-SHO-011,652,136.43,2026-04-24,online,North
FSH-WOM-001,828,183.71,2026-04-24,distributor,Central
HW-CEMENT-01,647,34.14,2026-04-24,retail,South
HW-CEMENT-01,905,32.11,2026-04-24,retail,West
HW-DRILL-02,206,174.11,2026-04-24,online,Central
HW-FAST-01,579,27.89,2026-04-24,online,North
HW-WIRE-01,513,102.56,2026-04-24,distributor,North
HW-WIRE-01,410,93.09,2026-04-24,distributor,South
PHA-INS-002,669,181.11,2026-04-24,wholesale,East
PHA-ONC-001,153,830.77,2026-04-24,online,South
PHA-ONC-001,162,877.28,2026-04-24,online,West
AGR-FERT-001,446,40.53,2026-04-25,online,East
AGR-FERT-001,473,41.3,2026-04-25,online,South
AGR-IRRI-003,140,290.22,2026-04-25,distributor,Central
AGR-PEST-007,291,34.68,2026-04-25,online,West
AGR-SEED-012,380,82.38,2026-04-25,online,Central
ELC-AUD-008,483,265.1,2026-04-25,wholesale,South
ELC-AUD-008,512,241.39,2026-04-25,distributor,North
ELC-LAP-003,264,1402.9,2026-04-25,wholesale,South
ELC-LAP-003,215,1394.04,2026-04-25,online,North
ELC-LAP-003,235,1271.75,2026-04-25,online,South
ELC-PHN-001,200,837.04,2026-04-25,retail,South
ELC-PHN-001,199,906.16,2026-04-25,wholesale,Central
FSH-MEN-004,797,82.64,2026-04-25,distributor,South
HW-CEMENT-01,632,33.89,2026-04-25,online,South
HW-DRILL-02,161,191.94,2026-04-25,distributor,North
HW-DRILL-02,214,183.41,2026-04-25,online,East
HW-FAST-01,552,26.5,2026-04-25,online,Central
HW-FAST-01,739,28.93,2026-04-25,online,Central
HW-FAST-01,776,26.57,2026-04-25,online,East
PHA-ANT-009,815,46.66,2026-04-25,distributor,North
PHA-INS-002,709,175.32,2026-04-25,distributor,North
AGR-FERT-001,412,39.55,2026-04-26,retail,West
AGR-FERT-001,514,40.89,2026-04-26,distributor,North
AGR-FERT-001,511,42.44,2026-04-26,wholesale,Central
AGR-IRRI-003,127,292.45,2026-04-26,wholesale,South
AGR-SEED-012,408,94.74,2026-04-26,wholesale,East
AGR-SEED-012,409,90.62,2026-04-26,online,West
ELC-AUD-008,514,240.02,2026-04-26,online,Central
ELC-PHN-001,209,965.79,2026-04-26,retail,East
ELC-SHM-002,120,151.32,2026-04-26,retail,South
FSH-MEN-004,620,95.57,2026-04-26,retail,West
HW-CEMENT-01,938,32.76,2026-04-26,wholesale,North
HW-DRILL-02,159,183.11,2026-04-26,wholesale,North
PHA-ANT-009,879,44.92,2026-04-26,online,Central
PHA-ONC-001,176,880.43,2026-04-26,retail,East
AGR-FERT-001,1121,43.69,2026-04-27,wholesale,North
AGR-PEST-007,250,36.96,2026-04-27,online,Central
AGR-SEED-012,471,85.67,2026-04-27,wholesale,West
ELC-AUD-008,266,267.59,2026-04-27,distributor,Central
ELC-AUD-008,305,255.89,2026-04-27,wholesale,Central
ELC-LAP-003,194,1388.14,2026-04-27,distributor,West
ELC-LAP-003,183,1270.36,2026-04-27,distributor,South
ELC-SHM-002,86,146.0,2026-04-27,distributor,North
FSH-ACC-006,268,71.17,2026-04-27,online,North
FSH-ACC-006,354,72.52,2026-04-27,distributor,Central
FSH-MEN-004,661,93.04,2026-04-27,distributor,West
FSH-SHO-011,610,137.96,2026-04-27,retail,West
FSH-WOM-001,1098,191.63,2026-04-27,retail,North
HW-FAST-01,764,27.18,2026-04-27,wholesale,North
HW-FAST-01,797,28.19,2026-04-27,wholesale,South
PHA-ALL-007,1229,24.08,2026-04-27,wholesale,East
PHA-ANT-009,799,41.7,2026-04-27,retail,East
AGR-FERT-001,892,38.85,2026-04-28,distributor,Central
AGR-IRRI-003,181,267.38,2026-04-28,retail,North
AGR-SEED-012,354,95.47,2026-04-28,distributor,North
ELC-PHN-001,282,831.6,2026-04-28,wholesale,North
ELC-PHN-001,372,954.0,2026-04-28,distributor,South
ELC-SHM-002,83,156.36,2026-04-28,distributor,South
ELC-SHM-002,101,158.17,2026-04-28,online,West
FSH-MEN-004,592,95.28,2026-04-28,distributor,South
FSH-SHO-011,515,129.2,2026-04-28,distributor,East
FSH-SHO-011,417,119.93,2026-04-28,distributor,Central
FSH-WOM-001,1187,182.08,2026-04-28,wholesale,South
HW-CEMENT-01,1010,33.7,2026-04-28,retail,South
HW-DRILL-02,168,167.43,2026-04-28,wholesale,Central
HW-DRILL-02,178,190.04,2026-04-28,distributor,East
HW-FAST-01,756,29.52,2026-04-28,distributor,North
HW-FAST-01,603,26.16,2026-04-28,wholesale,West
HW-WIRE-01,296,99.49,2026-04-28,retail,Central
HW-WIRE-01,418,94.27,2026-04-28,retail,West
PHA-ALL-007,1144,23.44,2026-04-28,wholesale,West
PHA-INS-002,594,174.63,2026-04-28,wholesale,East
PHA-INS-002,724,169.2,2026-04-28,retail,East
AGR-FERT-001,944,41.98,2026-04-29,retail,East
AGR-IRRI-003,216,303.75,2026-04-29,retail,West
AGR-IRRI-003,213,291.66,2026-04-29,wholesale,Central
AGR-PEST-007,241,34.13,2026-04-29,wholesale,West
ELC-AUD-008,339,232.67,2026-04-29,wholesale,East
ELC-AUD-008,259,244.8,2026-04-29,wholesale,Central
ELC-SHM-002,96,150.68,2026-04-29,distributor,West
FSH-ACC-006,259,73.45,2026-04-29,online,Central
FSH-MEN-004,654,90.62,2026-04-29,distributor,East
FSH-WOM-001,1227,193.72,2026-04-29,distributor,South
HW-CEMENT-01,1004,34.39,2026-04-29,retail,East
HW-WIRE-01,360,94.46,2026-04-29,wholesale,East
HW-WIRE-01,372,97.1,2026-04-29,online,South
PHA-ALL-007,1015,24.65,2026-04-29,wholesale,West
PHA-ONC-001,191,788.85,2026-04-29,retail,Central
AGR-FERT-001,1107,40.67,2026-04-30,wholesale,South
AGR-PEST-007,263,33.98,2026-04-30,online,East
AGR-PEST-007,258,36.98,2026-04-30,wholesale,West
AGR-SEED-012,425,92.24,2026-04-30,online,Central
AGR-SEED-012,363,96.08,2026-04-30,online,East
ELC-AUD-008,350,266.54,2026-04-30,online,South
ELC-AUD-008,251,264.31,2026-04-30,wholesale,Central
ELC-LAP-003,163,1303.52,2026-04-30,wholesale,Central
ELC-SHM-002,104,140.59,2026-04-30,distributor,North
FSH-ACC-006,308,65.98,2026-04-30,wholesale,Central
FSH-SHO-011,432,128.99,2026-04-30,online,Central
HW-DRILL-02,180,183.22,2026-04-30,online,East
HW-DRILL-02,174,190.66,2026-04-30,distributor,East
PHA-ALL-007,1326,25.47,2026-04-30,online,East
PHA-ONC-001,151,873.98,2026-04-30,distributor,South
AGR-IRRI-003,166,283.29,2026-05-01,retail,South
AGR-SEED-012,354,91.96,2026-05-01,distributor,West
AGR-SEED-012,448,96.0,2026-05-01,wholesale,East
ELC-AUD-008,361,262.17,2026-05-01,wholesale,West
ELC-LAP-003,199,1197.71,2026-05-01,distributor,West
ELC-PHN-001,306,923.31,2026-05-01,retail,Central
FSH-ACC-006,362,72.32,2026-05-01,retail,North
FSH-WOM-001,1123,185.36,2026-05-01,distributor,East
HW-CEMENT-01,810,33.15,2026-05-01,wholesale,South
HW-DRILL-02,185,167.26,2026-05-01,distributor,East
HW-DRILL-02,156,182.74,2026-05-01,online,North
HW-DRILL-02,167,177.96,2026-05-01,retail,South
HW-WIRE-01,416,90.58,2026-05-01,online,West
HW-WIRE-01,389,98.28,2026-05-01,distributor,West
PHA-ALL-007,1156,22.75,2026-05-01,distributor,East
PHA-ALL-007,1206,25.29,2026-05-01,wholesale,West
PHA-ANT-009,935,42.5,2026-05-01,distributor,West
PHA-INS-002,670,173.41,2026-05-01,distributor,East
AGR-IRRI-003,202,275.89,2026-05-02,distributor,West
ELC-AUD-008,300,237.08,2026-05-02,wholesale,Central
ELC-LAP-003,165,1318.14,2026-05-02,retail,North
ELC-LAP-003,208,1371.8,2026-05-02,online,Central
ELC-PHN-001,332,888.01,2026-05-02,distributor,North
ELC-SHM-002,89,145.93,2026-05-02,online,Central
FSH-ACC-006,292,69.46,2026-05-02,retail,Central
FSH-ACC-006,358,68.72,2026-05-02,retail,West
FSH-MEN-004,649,87.29,2026-05-02,wholesale,South
FSH-MEN-004,521,85.7,2026-05-02,distributor,South
FSH-SHO-011,420,137.21,2026-05-02,retail,West
HW-CEMENT-01,1166,34.24,2026-05-02,retail,North
HW-CEMENT-01,856,31.61,2026-05-02,retail,East
PHA-INS-002,656,193.41,2026-05-02,distributor,South
PHA-INS-002,685,167.91,2026-05-02,retail,West
PHA-ONC-001,189,850.76,2026-05-02,distributor,West
PHA-ONC-001,153,893.13,2026-05-02,online,West
AGR-FERT-001,847,42.71,2026-05-03,retail,Central
AGR-PEST-007,307,33.41,2026-05-03,distributor,West
AGR-PEST-007,293,33.12,2026-05-03,distributor,West
AGR-SEED-012,432,94.65,2026-05-03,retail,North
ELC-AUD-008,285,263.76,2026-05-03,online,West
ELC-LAP-003,153,1305.81,2026-05-03,wholesale,North
ELC-PHN-001,338,885.63,2026-05-03,online,North
ELC-SHM-002,82,146.18,2026-05-03,distributor,South
ELC-SHM-002,79,151.5,2026-05-03,wholesale,North
ELC-SHM-002,76,139.08,2026-05-03,retail,East
FSH-SHO-011,580,127.37,2026-05-03,retail,West
FSH-SHO-011,424,130.8,2026-05-03,online,East
FSH-WOM-001,1177,182.66,2026-05-03,wholesale,North
HW-DRILL-02,173,187.77,2026-05-03,wholesale,Central
HW-FAST-01,677,27.2,2026-05-03,online,West
HW-FAST-01,784,27.28,2026-05-03,retail,West
HW-WIRE-01,384,88.39,2026-05-03,distributor,Central
PHA-ALL-007,1128,24.4,2026-05-03,retail,West
PHA-ANT-009,809,47.73,2026-05-03,distributor,West
PHA-ANT-009,735,46.95,2026-05-03,online,West
PHA-ANT-009,899,45.03,2026-05-03,retail,West
PHA-ONC-001,182,903.32,2026-05-03,online,North
PHA-ONC-001,139,884.19,2026-05-03,wholesale,South
AGR-IRRI-003,137,298.84,2026-05-04,retail,North
AGR-SEED-012,404,88.12,2026-05-04,retail,South
AGR-SEED-012,307,92.13,2026-05-04,retail,West
AGR-SEED-012,310,91.19,2026-05-04,distributor,Central
ELC-AUD-008,381,266.78,2026-05-04,wholesale,West
ELC-AUD-008,374,264.43,2026-05-04,retail,West
ELC-LAP-003,146,1262.63,2026-05-04,distributor,South
ELC-LAP-003,148,1234.79,2026-05-04,retail,West
ELC-PHN-001,310,875.89,2026-05-04,online,South
ELC-SHM-002,103,156.99,2026-05-04,distributor,North
FSH-MEN-004,307,89.77,2026-05-04,wholesale,West
FSH-MEN-004,336,87.4,2026-05-04,online,Central
FSH-SHO-011,515,129.78,2026-05-04,retail,East
FSH-SHO-011,450,129.23,2026-05-04,retail,South
FSH-WOM-001,478,192.11,2026-05-04,wholesale,East
HW-CEMENT-01,738,31.28,2026-05-04,distributor,South
HW-CEMENT-01,503,32.0,2026-05-04,wholesale,West
HW-FAST-01,703,27.22,2026-05-04,online,North
HW-FAST-01,623,28.24,2026-05-04,online,West
HW-WIRE-01,357,90.95,2026-05-04,online,East
PHA-INS-002,525,190.91,2026-05-04,online,North
PHA-ONC-001,101,871.61,2026-05-04,online,East
AGR-FERT-001,1147,39.3,2026-05-05,retail,South
AGR-PEST-007,343,33.82,2026-05-05,distributor,North
ELC-LAP-003,161,1313.52,2026-05-05,distributor,East
ELC-PHN-001,282,891.61,2026-05-05,distributor,South
ELC-SHM-002,93,159.27,2026-05-05,wholesale,South
ELC-SHM-002,93,158.95,2026-05-05,distributor,South
FSH-ACC-006,318,65.33,2026-05-05,retail,South
FSH-ACC-006,221,64.35,2026-05-05,distributor,South
FSH-MEN-004,377,84.29,2026-05-05,distributor,South
FSH-MEN-004,333,85.7,2026-05-05,retail,North
FSH-MEN-004,357,87.88,2026-05-05,distributor,North
FSH-SHO-011,407,127.65,2026-05-05,distributor,Central
FSH-WOM-001,549,175.47,2026-05-05,distributor,East
FSH-WOM-001,611,202.97,2026-05-05,wholesale,North
HW-DRILL-02,268,173.28,2026-05-05,retail,Central
HW-DRILL-02,279,188.82,2026-05-05,online,North
HW-FAST-01,602,28.43,2026-05-05,retail,West
PHA-ALL-007,1144,24.55,2026-05-05,retail,South
PHA-ALL-007,1188,24.39,2026-05-05,online,South
PHA-ALL-007,1125,24.28,2026-05-05,retail,South
PHA-INS-002,571,173.78,2026-05-05,retail,South
AGR-FERT-001,1153,43.87,2026-05-06,online,West
AGR-FERT-001,1211,43.56,2026-05-06,wholesale,East
AGR-SEED-012,377,94.65,2026-05-06,wholesale,West
AGR-SEED-012,288,93.1,2026-05-06,online,West
ELC-LAP-003,164,1265.82,2026-05-06,wholesale,Central
ELC-PHN-001,318,952.87,2026-05-06,online,West
FSH-MEN-004,346,83.18,2026-05-06,wholesale,West
FSH-MEN-004,405,83.34,2026-05-06,online,South
HW-CEMENT-01,534,31.84,2026-05-06,retail,South
HW-FAST-01,642,27.19,2026-05-06,distributor,East
HW-FAST-01,638,29.47,2026-05-06,online,North
HW-WIRE-01,397,93.13,2026-05-06,retail,East
HW-WIRE-01,417,89.44,2026-05-06,online,East
PHA-ANT-009,671,43.73,2026-05-06,online,North
PHA-INS-002,666,168.03,2026-05-06,distributor,East
PHA-ONC-001,102,849.64,2026-05-06,online,North
AGR-PEST-007,362,35.14,2026-05-07,wholesale,North
AGR-PEST-007,264,34.79,2026-05-07,retail,South
AGR-SEED-012,289,89.58,2026-05-07,wholesale,West
ELC-AUD-008,423,266.9,2026-05-07,distributor,Central
ELC-LAP-003,150,1245.03,2026-05-07,distributor,West
ELC-LAP-003,164,1214.42,2026-05-07,retail,West
ELC-SHM-002,120,151.93,2026-05-07,online,North
FSH-ACC-006,276,72.94,2026-05-07,distributor,North
FSH-ACC-006,232,69.74,2026-05-07,online,North
FSH-MEN-004,359,89.78,2026-05-07,distributor,North
HW-CEMENT-01,611,32.03,2026-05-07,distributor,South
HW-CEMENT-01,577,30.89,2026-05-07,distributor,North
HW-DRILL-02,230,166.05,2026-05-07,online,North
HW-WIRE-01,412,90.9,2026-05-07,online,West
HW-WIRE-01,387,94.96,2026-05-07,wholesale,West
PHA-ALL-007,1548,24.85,2026-05-07,distributor,West
PHA-ALL-007,1217,22.7,2026-05-07,distributor,North
PHA-ANT-009,605,46.97,2026-05-07,retail,South
PHA-ANT-009,619,44.91,2026-05-07,retail,Central
PHA-ONC-001,116,857.77,2026-05-07,online,North
AGR-FERT-001,839,41.88,2026-05-08,retail,South
AGR-IRRI-003,140,265.1,2026-05-08,distributor,East
AGR-PEST-007,334,32.7,2026-05-08,distributor,East
AGR-SEED-012,415,93.44,2026-05-08,online,North
ELC-AUD-008,429,266.99,2026-05-08,online,East
FSH-ACC-006,300,72.15,2026-05-08,wholesale,West
FSH-SHO-011,454,130.78,2026-05-08,online,East
FSH-SHO-011,401,132.43,2026-05-08,retail,North
FSH-WOM-001,620,178.66,2026-05-08,distributor,West
HW-CEMENT-01,538,33.16,2026-05-08,wholesale,West
HW-DRILL-02,211,176.85,2026-05-08,online,West
HW-DRILL-02,208,179.1,2026-05-08,online,West
HW-FAST-01,740,27.49,2026-05-08,online,East
HW-WIRE-01,429,93.88,2026-05-08,distributor,West
PHA-ANT-009,664,45.35,2026-05-08,wholesale,North
PHA-ANT-009,724,45.17,2026-05-08,retail,North
PHA-INS-002,722,166.42,2026-05-08,wholesale,East
PHA-ONC-001,106,873.32,2026-05-08,wholesale,East
PHA-ONC-001,133,863.59,2026-05-08,wholesale,West
AGR-FERT-001,843,41.24,2026-05-09,online,North
AGR-IRRI-003,177,271.41,2026-05-09,wholesale,South
AGR-IRRI-003,151,263.11,2026-05-09,online,East
AGR-IRRI-003,162,266.32,2026-05-09,retail,South
AGR-SEED-012,308,89.78,2026-05-09,distributor,South
ELC-AUD-008,368,261.9,2026-05-09,wholesale,West
ELC-AUD-008,486,264.35,2026-05-09,online,West
ELC-LAP-003,132,1333.08,2026-05-09,wholesale,West
FSH-ACC-006,315,64.22,2026-05-09,distributor,Central
FSH-SHO-011,529,134.51,2026-05-09,distributor,West
FSH-SHO-011,475,138.36,2026-05-09,retail,North
FSH-WOM-001,515,194.48,2026-05-09,retail,North
FSH-WOM-001,458,203.03,2026-05-09,wholesale,East
FSH-WOM-001,429,197.13,2026-05-09,retail,Central
FSH-WOM-001,567,202.2,2026-05-09,retail,West
HW-DRILL-02,272,187.96,2026-05-09,wholesale,East
PHA-ALL-007,1383,25.5,2026-05-09,retail,North
PHA-ANT-009,583,44.03,2026-05-09,retail,East
AGR-IRRI-003,172,283.37,2026-05-10,distributor,West
AGR-PEST-007,314,32.68,2026-05-10,retail,East
AGR-PEST-007,343,36.87,2026-05-10,wholesale,West
AGR-SEED-012,415,83.03,2026-05-10,distributor,East
ELC-LAP-003,146,1285.61,2026-05-10,wholesale,East
ELC-LAP-003,132,1389.33,2026-05-10,wholesale,West
ELC-PHN-001,369,906.24,2026-05-10,online,Central
ELC-PHN-001,260,840.49,2026-05-10,retail,South
ELC-SHM-002,123,147.77,2026-05-10,online,North
ELC-SHM-002,104,144.26,2026-05-10,online,South
ELC-SHM-002,133,151.31,2026-05-10,online,Central
FSH-ACC-006,284,72.69,2026-05-10,wholesale,East
FSH-ACC-006,292,69.97,2026-05-10,distributor,North
FSH-WOM-001,453,201.69,2026-05-10,distributor,West
HW-CEMENT-01,739,31.91,2026-05-10,distributor,West
HW-CEMENT-01,521,34.08,2026-05-10,wholesale,Central
PHA-ANT-009,579,42.35,2026-05-10,online,West
PHA-INS-002,609,187.63,2026-05-10,online,North
PHA-ONC-001,124,793.97,2026-05-10,distributor,West
PHA-ONC-001,125,866.19,2026-05-10,wholesale,Central
PHA-ONC-001,99,812.32,2026-05-10,distributor,East
AGR-FERT-001,825,42.63,2026-05-11,online,East
AGR-FERT-001,908,42.4,2026-05-11,online,South
AGR-IRRI-003,157,267.78,2026-05-11,wholesale,East
AGR-PEST-007,209,34.23,2026-05-11,distributor,Central
AGR-SEED-012,581,83.39,2026-05-11,distributor,Central
ELC-LAP-003,159,1221.39,2026-05-11,online,North
ELC-PHN-001,157,895.66,2026-05-11,retail,North
ELC-SHM-002,82,145.15,2026-05-11,retail,West
HW-CEMENT-01,764,30.08,2026-05-11,retail,South
HW-DRILL-02,222,184.61,2026-05-11,retail,North
HW-FAST-01,917,28.0,2026-05-11,retail,East
PHA-ANT-009,689,43.08,2026-05-11,wholesale,South
PHA-ANT-009,550,46.73,2026-05-11,retail,South
PHA-ONC-001,158,848.97,2026-05-11,distributor,North
PHA-ONC-001,138,788.61,2026-05-11,distributor,Central
AGR-FERT-001,673,40.5,2026-05-12,wholesale,West
AGR-IRRI-003,151,270.19,2026-05-12,wholesale,West
AGR-PEST-007,165,34.22,2026-05-12,wholesale,North
ELC-LAP-003,160,1252.55,2026-05-12,wholesale,North
ELC-PHN-001,176,966.42,2026-05-12,online,East
ELC-SHM-002,95,144.02,2026-05-12,online,Central
FSH-ACC-006,274,65.07,2026-05-12,distributor,North
FSH-MEN-004,467,95.67,2026-05-12,wholesale,West
FSH-WOM-001,499,181.95,2026-05-12,wholesale,East
HW-DRILL-02,164,192.81,2026-05-12,wholesale,North
HW-DRILL-02,209,177.86,2026-05-12,distributor,Central
HW-WIRE-01,399,88.48,2026-05-12,online,Central
HW-WIRE-01,444,97.66,2026-05-12,wholesale,East
PHA-ALL-007,1394,25.89,2026-05-12,distributor,South
PHA-ALL-007,1611,24.39,2026-05-12,retail,Central
AGR-PEST-007,185,35.79,2026-05-13,distributor,North
AGR-PEST-007,202,35.42,2026-05-13,wholesale,South
ELC-LAP-003,128,1205.76,2026-05-13,distributor,North
ELC-SHM-002,78,147.01,2026-05-13,online,Central
ELC-SHM-002,72,149.62,2026-05-13,online,West
FSH-ACC-006,339,66.83,2026-05-13,wholesale,West
FSH-ACC-006,358,68.37,2026-05-13,wholesale,East
FSH-MEN-004,464,92.15,2026-05-13,distributor,Central
FSH-MEN-004,383,93.61,2026-05-13,retail,East
FSH-MEN-004,410,91.78,2026-05-13,distributor,East
FSH-SHO-011,540,134.8,2026-05-13,wholesale,North
FSH-WOM-001,426,194.12,2026-05-13,retail,South
HW-WIRE-01,541,95.19,2026-05-13,online,East
PHA-ALL-007,1664,24.06,2026-05-13,distributor,Central
PHA-ANT-009,635,42.2,2026-05-13,distributor,West
PHA-ONC-001,142,807.51,2026-05-13,distributor,South
AGR-FERT-001,887,39.33,2026-05-14,wholesale,North
AGR-IRRI-003,159,289.08,2026-05-14,distributor,Central
AGR-PEST-007,231,35.72,2026-05-14,distributor,North
AGR-SEED-012,547,88.59,2026-05-14,online,South
ELC-AUD-008,416,238.49,2026-05-14,wholesale,North
ELC-AUD-008,388,267.65,2026-05-14,distributor,North
ELC-PHN-001,190,951.45,2026-05-14,online,South
ELC-PHN-001,153,883.24,2026-05-14,distributor,East
ELC-PHN-001,206,932.16,2026-05-14,distributor,South
ELC-PHN-001,162,955.14,2026-05-14,retail,Central
FSH-ACC-006,319,69.8,2026-05-14,distributor,North
FSH-ACC-006,348,67.14,2026-05-14,retail,North
FSH-MEN-004,368,90.71,2026-05-14,wholesale,West
FSH-WOM-001,463,198.34,2026-05-14,wholesale,South
FSH-WOM-001,474,181.38,2026-05-14,wholesale,West
HW-CEMENT-01,751,34.41,2026-05-14,wholesale,West
HW-CEMENT-01,589,34.5,2026-05-14,online,West
HW-CEMENT-01,699,30.68,2026-05-14,online,East
HW-DRILL-02,199,164.85,2026-05-14,online,North
HW-FAST-01,848,29.85,2026-05-14,online,East
PHA-INS-002,474,181.17,2026-05-14,wholesale,Central
PHA-INS-002,340,192.92,2026-05-14,retail,Central
PHA-INS-002,360,174.34,2026-05-14,online,Central
PHA-ONC-001,154,807.92,2026-05-14,wholesale,North
PHA-ONC-001,145,912.04,2026-05-14,retail,West
AGR-FERT-001,847,42.93,2026-05-15,retail,East
AGR-FERT-001,721,40.78,2026-05-15,retail,East
AGR-IRRI-003,192,304.74,2026-05-15,wholesale,West
AGR-PEST-007,166,33.99,2026-05-15,retail,East
ELC-LAP-003,137,1402.22,2026-05-15,wholesale,East
ELC-LAP-003,134,1391.3,2026-05-15,distributor,North
ELC-PHN-001,159,853.81,2026-05-15,online,South
ELC-PHN-001,156,838.87,2026-05-15,wholesale,East
FSH-MEN-004,346,83.4,2026-05-15,wholesale,North
FSH-MEN-004,438,86.52,2026-05-15,wholesale,West
FSH-SHO-011,639,135.66,2026-05-15,wholesale,South
FSH-SHO-011,524,133.38,2026-05-15,online,West
FSH-WOM-001,582,201.01,2026-05-15,distributor,Central
HW-CEMENT-01,627,32.93,2026-05-15,wholesale,South
HW-DRILL-02,221,174.46,2026-05-15,retail,South
HW-FAST-01,954,28.78,2026-05-15,retail,Central
HW-FAST-01,961,29.26,2026-05-15,distributor,Central
PHA-ALL-007,1501,25.45,2026-05-15,wholesale,North
PHA-ALL-007,1475,22.96,2026-05-15,distributor,South
PHA-ANT-009,626,46.94,2026-05-15,retail,East
PHA-ANT-009,665,47.18,2026-05-15,retail,West
PHA-ANT-009,690,47.66,2026-05-15,wholesale,North
PHA-INS-002,391,187.17,2026-05-15,distributor,Central
PHA-INS-002,355,168.18,2026-05-15,wholesale,East
PHA-INS-002,320,192.16,2026-05-15,distributor,East
AGR-FERT-001,650,39.64,2026-05-16,wholesale,North
AGR-PEST-007,199,32.35,2026-05-16,online,South
AGR-PEST-007,215,33.81,2026-05-16,retail,West
AGR-PEST-007,213,32.36,2026-05-16,wholesale,West
AGR-SEED-012,532,95.05,2026-05-16,online,South
AGR-SEED-012,546,82.08,2026-05-16,online,East
ELC-AUD-008,403,265.0,2026-05-16,wholesale,North
ELC-AUD-008,377,254.56,2026-05-16,online,North
ELC-LAP-003,144,1258.81,2026-05-16,retail,North
ELC-LAP-003,128,1219.93,2026-05-16,retail,South
ELC-SHM-002,70,155.88,2026-05-16,wholesale,South
ELC-SHM-002,92,139.55,2026-05-16,wholesale,South
ELC-SHM-002,86,141.43,2026-05-16,retail,North
ELC-SHM-002,97,147.99,2026-05-16,wholesale,South
FSH-ACC-006,298,66.45,2026-05-16,wholesale,North
FSH-SHO-011,543,118.91,2026-05-16,distributor,East
FSH-WOM-001,519,188.82,2026-05-16,retail,Central
FSH-WOM-001,501,181.66,2026-05-16,retail,North
FSH-WOM-001,477,182.8,2026-05-16,retail,South
HW-CEMENT-01,636,32.97,2026-05-16,online,West
HW-CEMENT-01,691,29.58,2026-05-16,retail,East
HW-DRILL-02,181,181.5,2026-05-16,distributor,West
HW-DRILL-02,196,182.39,2026-05-16,wholesale,West
HW-FAST-01,897,27.12,2026-05-16,distributor,West
HW-WIRE-01,535,97.79,2026-05-16,wholesale,South
HW-WIRE-01,495,89.5,2026-05-16,wholesale,North
PHA-ALL-007,1429,22.72,2026-05-16,wholesale,West
PHA-INS-002,420,174.52,2026-05-16,wholesale,West
AGR-IRRI-003,182,279.98,2026-05-17,retail,West
AGR-SEED-012,576,88.38,2026-05-17,retail,Central
AGR-SEED-012,539,82.78,2026-05-17,retail,West
ELC-AUD-008,397,268.47,2026-05-17,retail,North
ELC-AUD-008,471,237.33,2026-05-17,retail,South
ELC-LAP-003,129,1242.36,2026-05-17,retail,East
ELC-LAP-003,118,1254.18,2026-05-17,distributor,West
ELC-SHM-002,86,152.23,2026-05-17,wholesale,East
FSH-ACC-006,324,64.56,2026-05-17,retail,South
FSH-SHO-011,736,125.59,2026-05-17,distributor,East
HW-CEMENT-01,622,30.75,2026-05-17,wholesale,Central
HW-DRILL-02,181,168.26,2026-05-17,online,South
PHA-ANT-009,643,42.02,2026-05-17,online,South
PHA-INS-002,439,169.53,2026-05-17,wholesale,West
PHA-ONC-001,143,890.79,2026-05-17,wholesale,North
PHA-ONC-001,132,908.02,2026-05-17,online,West
AGR-IRRI-003,137,292.4,2026-05-18,online,South
AGR-PEST-007,258,34.17,2026-05-18,retail,North
AGR-SEED-012,500,90.08,2026-05-18,retail,East
AGR-SEED-012,484,83.03,2026-05-18,online,South
ELC-AUD-008,371,230.11,2026-05-18,online,East
ELC-LAP-003,268,1281.58,2026-05-18,retail,Central
FSH-ACC-006,249,73.62,2026-05-18,retail,East
FSH-MEN-004,441,84.73,2026-05-18,retail,Central
FSH-MEN-004,444,88.45,2026-05-18,retail,West
FSH-MEN-004,420,87.0,2026-05-18,online,North
FSH-SHO-011,358,126.58,2026-05-18,retail,South
FSH-WOM-001,424,187.95,2026-05-18,retail,West
HW-DRILL-02,230,188.96,2026-05-18,distributor,West
HW-FAST-01,399,27.84,2026-05-18,wholesale,South
HW-FAST-01,411,29.89,2026-05-18,wholesale,Central
PHA-ALL-007,1544,25.38,2026-05-18,distributor,South
PHA-ONC-001,112,863.67,2026-05-18,wholesale,Central
AGR-FERT-001,525,40.73,2026-05-19,wholesale,Central
AGR-FERT-001,713,39.61,2026-05-19,wholesale,East
AGR-PEST-007,256,34.29,2026-05-19,distributor,West
AGR-SEED-012,392,83.6,2026-05-19,retail,West
AGR-SEED-012,453,89.76,2026-05-19,distributor,South
ELC-LAP-003,294,1392.35,2026-05-19,online,South
ELC-PHN-001,233,849.77,2026-05-19,wholesale,Central
FSH-ACC-006,292,65.7,2026-05-19,online,South
FSH-ACC-006,241,70.04,2026-05-19,retail,West
FSH-MEN-004,396,85.33,2026-05-19,retail,West
FSH-SHO-011,327,120.8,2026-05-19,online,South
FSH-SHO-011,407,138.94,2026-05-19,distributor,North
FSH-WOM-001,394,187.64,2026-05-19,wholesale,West
HW-CEMENT-01,651,30.73,2026-05-19,wholesale,Central
HW-CEMENT-01,648,29.45,2026-05-19,online,West
HW-DRILL-02,228,186.72,2026-05-19,retail,West
PHA-ANT-009,369,42.85,2026-05-19,wholesale,North
PHA-INS-002,552,186.83,2026-05-19,distributor,West
PHA-INS-002,578,177.76,2026-05-19,retail,Central
PHA-ONC-001,114,877.2,2026-05-19,wholesale,Central
PHA-ONC-001,123,821.52,2026-05-19,wholesale,South
AGR-FERT-001,559,44.13,2026-05-20,online,West
AGR-IRRI-003,123,276.3,2026-05-20,wholesale,North
AGR-PEST-007,258,37.44,2026-05-20,retail,South
AGR-PEST-007,297,33.11,2026-05-20,retail,South
ELC-AUD-008,286,258.63,2026-05-20,online,North
ELC-SHM-002,129,145.85,2026-05-20,distributor,West
FSH-ACC-006,287,69.06,2026-05-20,online,North
FSH-SHO-011,326,137.58,2026-05-20,wholesale,East
HW-DRILL-02,281,188.56,2026-05-20,online,East
HW-FAST-01,567,27.46,2026-05-20,wholesale,South
HW-WIRE-01,371,99.3,2026-05-20,distributor,West
HW-WIRE-01,367,92.16,2026-05-20,retail,West
PHA-ANT-009,513,46.08,2026-05-20,retail,West
AGR-FERT-001,496,38.83,2026-05-21,online,North
AGR-FERT-001,497,41.51,2026-05-21,retail,Central
AGR-FERT-001,559,42.97,2026-05-21,distributor,West
AGR-FERT-001,528,44.8,2026-05-21,wholesale,East
AGR-IRRI-003,131,299.65,2026-05-21,online,Central
AGR-IRRI-003,141,304.06,2026-05-21,wholesale,North
ELC-AUD-008,341,243.5,2026-05-21,online,West
ELC-LAP-003,261,1315.01,2026-05-21,online,South
ELC-LAP-003,257,1287.1,2026-05-21,distributor,East
ELC-PHN-001,257,908.06,2026-05-21,online,North
ELC-SHM-002,182,150.03,2026-05-21,wholesale,North
ELC-SHM-002,142,141.53,2026-05-21,distributor,East
FSH-MEN-004,381,95.03,2026-05-21,distributor,Central
FSH-WOM-001,402,184.82,2026-05-21,online,North
HW-DRILL-02,290,183.29,2026-05-21,distributor,Central
HW-DRILL-02,221,169.44,2026-05-21,retail,West
HW-DRILL-02,271,189.3,2026-05-21,retail,South
PHA-ALL-007,1662,22.25,2026-05-21,distributor,South
PHA-ANT-009,462,46.18,2026-05-21,online,East
PHA-ANT-009,475,41.46,2026-05-21,distributor,East
PHA-ANT-009,458,46.53,2026-05-21,online,South
PHA-ONC-001,114,864.82,2026-05-21,retail,East
PHA-ONC-001,139,913.99,2026-05-21,distributor,South
AGR-FERT-001,636,43.28,2026-05-22,distributor,Central
AGR-FERT-001,515,44.1,2026-05-22,distributor,North
AGR-IRRI-003,138,301.31,2026-05-22,distributor,North
AGR-PEST-007,226,33.26,2026-05-22,online,West
AGR-SEED-012,343,83.3,2026-05-22,distributor,South
ELC-AUD-008,310,253.59,2026-05-22,wholesale,West
ELC-LAP-003,274,1321.79,2026-05-22,online,South
ELC-PHN-001,217,865.23,2026-05-22,wholesale,North
FSH-ACC-006,269,65.55,2026-05-22,retail,West
FSH-ACC-006,283,64.2,2026-05-22,distributor,South
FSH-SHO-011,342,128.99,2026-05-22,retail,East
HW-CEMENT-01,679,33.75,2026-05-22,online,North
HW-CEMENT-01,612,31.4,2026-05-22,wholesale,West
HW-FAST-01,567,27.02,2026-05-22,retail,Central
HW-FAST-01,413,26.16,2026-05-22,online,South
HW-FAST-01,500,29.35,2026-05-22,wholesale,East
PHA-ALL-007,1470,23.91,2026-05-22,online,Central
PHA-ALL-007,1930,22.44,2026-05-22,retail,Central
PHA-ALL-007,1982,25.52,2026-05-22,distributor,Central
PHA-ANT-009,492,45.35,2026-05-22,retail,North
PHA-ANT-009,533,42.12,2026-05-22,wholesale,West
PHA-INS-002,606,177.46,2026-05-22,distributor,West
PHA-ONC-001,131,905.78,2026-05-22,retail,South
AGR-IRRI-003,142,276.63,2026-05-23,distributor,West
AGR-IRRI-003,108,274.86,2026-05-23,retail,East
ELC-PHN-001,267,861.41,2026-05-23,distributor,South
ELC-PHN-001,260,892.85,2026-05-23,online,North
FSH-ACC-006,252,69.18,2026-05-23,wholesale,North
FSH-SHO-011,364,119.59,2026-05-23,online,South
FSH-WOM-001,409,181.79,2026-05-23,wholesale,South
FSH-WOM-001,398,200.95,2026-05-23,wholesale,North
FSH-WOM-001,464,182.8,2026-05-23,retail,South
FSH-WOM-001,406,188.12,2026-05-23,retail,South
FSH-WOM-001,438,200.28,2026-05-23,online,Central
HW-CEMENT-01,595,34.05,2026-05-23,retail,West
HW-CEMENT-01,592,33.52,2026-05-23,retail,East
HW-CEMENT-01,508,33.27,2026-05-23,wholesale,North
HW-FAST-01,510,27.01,2026-05-23,distributor,South
HW-WIRE-01,361,94.61,2026-05-23,distributor,West
PHA-ANT-009,510,46.15,2026-05-23,online,North
PHA-ONC-001,125,912.33,2026-05-23,wholesale,North
AGR-PEST-007,213,36.41,2026-05-24,wholesale,East
AGR-PEST-007,290,36.68,2026-05-24,wholesale,East
AGR-SEED-012,477,92.39,2026-05-24,distributor,East
AGR-SEED-012,498,84.92,2026-05-24,online,Central
ELC-AUD-008,299,264.96,2026-05-24,online,East
ELC-AUD-008,416,268.42,2026-05-24,wholesale,South
ELC-AUD-008,389,252.54,2026-05-24,online,South
ELC-PHN-001,261,828.21,2026-05-24,wholesale,North
ELC-SHM-002,134,138.08,2026-05-24,wholesale,Central
ELC-SHM-002,161,143.9,2026-05-24,online,East
FSH-ACC-006,289,73.19,2026-05-24,online,South
FSH-MEN-004,344,91.75,2026-05-24,distributor,West
FSH-MEN-004,357,88.27,2026-05-24,distributor,Central
FSH-SHO-011,295,135.26,2026-05-24,distributor,South
FSH-SHO-011,301,126.37,2026-05-24,online,South
FSH-WOM-001,405,189.17,2026-05-24,retail,South
HW-CEMENT-01,481,33.08,2026-05-24,distributor,West
HW-CEMENT-01,662,33.17,2026-05-24,online,North
HW-FAST-01,541,26.98,2026-05-24,wholesale,East
HW-WIRE-01,339,97.36,2026-05-24,distributor,Central
HW-WIRE-01,388,100.56,2026-05-24,retail,South
HW-WIRE-01,386,93.75,2026-05-24,distributor,West
HW-WIRE-01,336,93.1,2026-05-24,retail,East
PHA-ANT-009,465,42.03,2026-05-24,retail,Central
PHA-INS-002,620,174.04,2026-05-24,retail,North
PHA-INS-002,715,183.26,2026-05-24,wholesale,East
PHA-ONC-001,109,882.21,2026-05-24,retail,South
AGR-PEST-007,183,32.93,2026-05-25,online,West
ELC-AUD-008,561,262.84,2026-05-25,distributor,North
ELC-LAP-003,186,1279.99,2026-05-25,distributor,East
ELC-LAP-003,192,1342.01,2026-05-25,distributor,North
ELC-LAP-003,219,1329.68,2026-05-25,wholesale,South
ELC-LAP-003,178,1359.82,2026-05-25,wholesale,West
ELC-SHM-002,68,152.84,2026-05-25,wholesale,West
FSH-ACC-006,247,74.16,2026-05-25,online,West
FSH-ACC-006,173,74.51,2026-05-25,wholesale,Central
FSH-MEN-004,344,85.56,2026-05-25,retail,West
FSH-MEN-004,425,86.09,2026-05-25,online,North
FSH-SHO-011,363,126.45,2026-05-25,wholesale,North
HW-CEMENT-01,530,31.37,2026-05-25,wholesale,North
HW-CEMENT-01,476,33.29,2026-05-25,online,Central
HW-DRILL-02,193,183.25,2026-05-25,distributor,North
HW-DRILL-02,184,185.48,2026-05-25,distributor,East
HW-FAST-01,731,28.67,2026-05-25,online,Central
HW-FAST-01,759,29.42,2026-05-25,distributor,North
PHA-ALL-007,1058,22.87,2026-05-25,wholesale,West
PHA-INS-002,421,166.24,2026-05-25,online,East
PHA-INS-002,305,179.82,2026-05-25,wholesale,West
PHA-ONC-001,107,801.76,2026-05-25,online,South
AGR-SEED-012,595,90.6,2026-05-26,online,East
ELC-SHM-002,93,153.25,2026-05-26,distributor,North
ELC-SHM-002,67,155.64,2026-05-26,wholesale,East
FSH-ACC-006,228,70.12,2026-05-26,online,South
FSH-SHO-011,334,131.81,2026-05-26,online,East
FSH-SHO-011,333,123.6,2026-05-26,distributor,North
FSH-WOM-001,475,187.69,2026-05-26,online,Central
HW-CEMENT-01,476,30.38,2026-05-26,retail,East
HW-WIRE-01,524,88.37,2026-05-26,distributor,South
PHA-ALL-007,1004,25.02,2026-05-26,online,East
PHA-ANT-009,410,44.23,2026-05-26,retail,North
PHA-ANT-009,450,44.47,2026-05-26,wholesale,Central
PHA-INS-002,325,183.94,2026-05-26,distributor,East
PHA-ONC-001,150,875.92,2026-05-26,wholesale,South
AGR-IRRI-003,120,302.8,2026-05-27,distributor,East
AGR-PEST-007,200,34.23,2026-05-27,distributor,Central
AGR-PEST-007,184,32.93,2026-05-27,online,West
AGR-SEED-012,530,89.82,2026-05-27,retail,North
ELC-LAP-003,229,1227.72,2026-05-27,retail,Central
ELC-PHN-001,203,842.48,2026-05-27,retail,East
ELC-PHN-001,251,930.3,2026-05-27,retail,East
ELC-SHM-002,91,154.41,2026-05-27,online,West
FSH-ACC-006,175,64.03,2026-05-27,retail,South
FSH-ACC-006,225,73.89,2026-05-27,wholesale,West
FSH-ACC-006,231,72.58,2026-05-27,distributor,Central
FSH-MEN-004,409,92.88,2026-05-27,retail,East
FSH-WOM-001,532,196.43,2026-05-27,online,North
HW-CEMENT-01,505,30.13,2026-05-27,distributor,South
HW-CEMENT-01,469,30.64,2026-05-27,distributor,North
HW-FAST-01,780,27.45,2026-05-27,wholesale,West
HW-WIRE-01,456,99.55,2026-05-27,distributor,West
PHA-ALL-007,938,23.72,2026-05-27,wholesale,East
PHA-ANT-009,408,44.23,2026-05-27,retail,North
PHA-ANT-009,470,43.96,2026-05-27,wholesale,South
PHA-ANT-009,428,42.35,2026-05-27,retail,Central
PHA-INS-002,302,178.23,2026-05-27,online,South
PHA-INS-002,395,179.95,2026-05-27,wholesale,West
PHA-INS-002,394,167.66,2026-05-27,distributor,South
PHA-ONC-001,152,839.44,2026-05-27,online,Central
PHA-ONC-001,146,803.89,2026-05-27,wholesale,East
AGR-FERT-001,545,41.83,2026-05-28,wholesale,West
AGR-FERT-001,764,40.54,2026-05-28,wholesale,Central
AGR-FERT-001,555,40.04,2026-05-28,distributor,West
AGR-IRRI-003,141,299.29,2026-05-28,wholesale,West
AGR-SEED-012,528,95.24,2026-05-28,online,Central
ELC-AUD-008,507,246.75,2026-05-28,online,East
ELC-SHM-002,66,157.82,2026-05-28,wholesale,Central
ELC-SHM-002,74,160.44,2026-05-28,online,North
FSH-ACC-006,246,68.55,2026-05-28,retail,West
FSH-WOM-001,395,189.31,2026-05-28,online,West
FSH-WOM-001,505,183.2,2026-05-28,online,West
FSH-WOM-001,443,175.81,2026-05-28,online,North
FSH-WOM-001,384,186.24,2026-05-28,retail,West
HW-CEMENT-01,613,33.19,2026-05-28,retail,South
HW-DRILL-02,204,179.38,2026-05-28,distributor,South
HW-DRILL-02,223,183.19,2026-05-28,distributor,West
HW-DRILL-02,190,170.97,2026-05-28,wholesale,Central
HW-FAST-01,776,27.23,2026-05-28,retail,North
HW-WIRE-01,499,100.08,2026-05-28,wholesale,South
HW-WIRE-01,431,98.84,2026-05-28,wholesale,East
AGR-FERT-001,571,39.33,2026-05-29,online,East
AGR-FERT-001,712,43.97,2026-05-29,distributor,West
AGR-FERT-001,648,42.81,2026-05-29,retail,West
AGR-FERT-001,749,42.3,2026-05-29,retail,South
AGR-PEST-007,239,34.12,2026-05-29,wholesale,North
AGR-PEST-007,178,32.87,2026-05-29,wholesale,North
ELC-AUD-008,402,234.11,2026-05-29,wholesale,West
ELC-AUD-008,473,247.16,2026-05-29,distributor,North
ELC-PHN-001,239,957.3,2026-05-29,online,North
ELC-PHN-001,260,907.76,2026-05-29,online,North
ELC-SHM-002,97,141.38,2026-05-29,wholesale,East
ELC-SHM-002,88,141.05,2026-05-29,distributor,East
FSH-ACC-006,203,65.29,2026-05-29,wholesale,North
FSH-SHO-011,323,126.29,2026-05-29,wholesale,Central
FSH-SHO-011,391,139.27,2026-05-29,retail,Central
HW-CEMENT-01,681,31.75,2026-05-29,retail,South
HW-FAST-01,650,29.8,2026-05-29,retail,West
HW-FAST-01,760,28.91,2026-05-29,distributor,Central
HW-WIRE-01,359,99.34,2026-05-29,retail,South
PHA-ALL-007,1281,23.65,2026-05-29,retail,North
PHA-ANT-009,398,41.85,2026-05-29,wholesale,West
PHA-ANT-009,470,42.86,2026-05-29,retail,East
PHA-ONC-001,131,859.61,2026-05-29,distributor,Central
PHA-ONC-001,152,882.57,2026-05-29,retail,Central
AGR-FERT-001,717,43.61,2026-05-30,distributor,North
AGR-IRRI-003,131,300.56,2026-05-30,distributor,North
AGR-PEST-007,243,33.45,2026-05-30,retail,South
AGR-PEST-007,239,32.83,2026-05-30,online,West
AGR-SEED-012,581,94.51,2026-05-30,distributor,West
AGR-SEED-012,466,83.92,2026-05-30,wholesale,Central
ELC-LAP-003,193,1250.07,2026-05-30,retail,West
ELC-PHN-001,233,866.88,2026-05-30,online,East
ELC-SHM-002,86,145.74,2026-05-30,retail,North
FSH-ACC-006,192,65.76,2026-05-30,distributor,Central
FSH-MEN-004,456,84.25,2026-05-30,online,Central
FSH-MEN-004,458,87.57,2026-05-30,wholesale,West
HW-DRILL-02,219,185.62,2026-05-30,wholesale,North
HW-DRILL-02,175,165.22,2026-05-30,wholesale,Central
PHA-ALL-007,1222,22.11,2026-05-30,online,Central
PHA-ANT-009,417,48.32,2026-05-30,retail,West
PHA-INS-002,372,171.01,2026-05-30,online,South
PHA-INS-002,396,175.11,2026-05-30,retail,North
AGR-IRRI-003,150,280.73,2026-05-31,online,East
AGR-IRRI-003,113,297.74,2026-05-31,distributor,West
AGR-IRRI-003,117,274.1,2026-05-31,online,East
AGR-PEST-007,210,33.3,2026-05-31,online,Central
ELC-AUD-008,505,263.06,2026-05-31,retail,West
ELC-PHN-001,205,968.01,2026-05-31,retail,West
FSH-MEN-004,503,83.9,2026-05-31,wholesale,East
FSH-SHO-011,300,136.12,2026-05-31,wholesale,North
FSH-SHO-011,303,131.53,2026-05-31,distributor,East
FSH-SHO-011,368,121.79,2026-05-31,distributor,North
FSH-WOM-001,476,177.4,2026-05-31,retail,Central
HW-CEMENT-01,557,32.65,2026-05-31,online,South
HW-CEMENT-01,690,29.94,2026-05-31,online,West
HW-DRILL-02,242,183.5,2026-05-31,retail,East
PHA-ALL-007,1233,23.43,2026-05-31,online,West
PHA-ALL-007,1130,24.25,2026-05-31,wholesale,West
PHA-ALL-007,982,24.2,2026-05-31,distributor,South
PHA-ANT-009,523,48.2,2026-05-31,wholesale,South
PHA-INS-002,322,171.01,2026-05-31,online,South
PHA-ONC-001,135,830.78,2026-05-31,distributor,North
AGR-FERT-001,594,42.75,2026-06-01,distributor,South
AGR-IRRI-003,150,290.85,2026-06-01,wholesale,Central
AGR-IRRI-003,132,273.58,2026-06-01,retail,Central
AGR-PEST-007,283,36.38,2026-06-01,wholesale,Central
AGR-SEED-012,295,94.17,2026-06-01,retail,West
AGR-SEED-012,315,91.64,2026-06-01,distributor,West
AGR-SEED-012,308,95.05,2026-06-01,retail,South
ELC-AUD-008,274,258.74,2026-06-01,wholesale,South
ELC-PHN-001,210,960.06,2026-06-01,distributor,South
ELC-SHM-002,96,148.98,2026-06-01,distributor,Central
ELC-SHM-002,80,143.29,2026-06-01,distributor,South
ELC-SHM-002,75,138.85,2026-06-01,retail,West
ELC-SHM-002,99,160.15,2026-06-01,wholesale,East
FSH-MEN-004,361,83.52,2026-06-01,wholesale,North
FSH-SHO-011,403,131.83,2026-06-01,distributor,North
FSH-WOM-001,511,193.89,2026-06-01,retail,East
FSH-WOM-001,415,190.13,2026-06-01,retail,South
FSH-WOM-001,535,186.56,2026-06-01,online,South
HW-CEMENT-01,565,33.02,2026-06-01,retail,North
HW-FAST-01,724,28.56,2026-06-01,retail,South
HW-WIRE-01,250,102.02,2026-06-01,wholesale,North
HW-WIRE-01,254,87.57,2026-06-01,wholesale,West
PHA-ONC-001,92,816.18,2026-06-01,distributor,South
AGR-FERT-001,648,44.6,2026-06-02,online,South
AGR-PEST-007,342,33.32,2026-06-02,wholesale,North
AGR-SEED-012,243,95.02,2026-06-02,online,East
ELC-AUD-008,272,262.04,2026-06-02,distributor,West
ELC-AUD-008,303,247.97,2026-06-02,online,North
ELC-PHN-001,197,879.53,2026-06-02,online,East
ELC-PHN-001,258,923.01,2026-06-02,wholesale,Central
FSH-ACC-006,206,66.13,2026-06-02,online,Central
FSH-MEN-004,328,86.59,2026-06-02,distributor,West
FSH-MEN-004,360,90.85,2026-06-02,retail,West
FSH-WOM-001,468,178.57,2026-06-02,retail,North
HW-DRILL-02,189,178.78,2026-06-02,distributor,West
HW-DRILL-02,217,193.14,2026-06-02,wholesale,North
HW-FAST-01,516,30.17,2026-06-02,distributor,North
HW-WIRE-01,226,95.8,2026-06-02,online,Central
HW-WIRE-01,240,97.43,2026-06-02,online,West
PHA-ALL-007,1284,25.1,2026-06-02,online,South
PHA-ALL-007,1214,24.42,2026-06-02,distributor,West
PHA-ANT-009,417,47.94,2026-06-02,retail,Central
PHA-ANT-009,398,45.41,2026-06-02,online,South
PHA-ANT-009,383,41.59,2026-06-02,online,West
PHA-ANT-009,430,45.75,2026-06-02,wholesale,South
PHA-INS-002,560,166.81,2026-06-02,online,East
PHA-ONC-001,114,890.37,2026-06-02,wholesale,North
PHA-ONC-001,125,798.23,2026-06-02,online,West
AGR-FERT-001,680,39.11,2026-06-03,online,Central
AGR-PEST-007,352,36.43,2026-06-03,online,Central
AGR-PEST-007,311,36.99,2026-06-03,retail,Central
AGR-SEED-012,249,85.46,2026-06-03,distributor,North
ELC-AUD-008,293,243.09,2026-06-03,retail,South
ELC-SHM-002,86,138.91,2026-06-03,retail,Central
ELC-SHM-002,84,152.57,2026-06-03,retail,North
FSH-ACC-006,245,70.55,2026-06-03,wholesale,East
FSH-ACC-006,185,68.1,2026-06-03,distributor,North
FSH-SHO-011,363,125.18,2026-06-03,distributor,East
FSH-SHO-011,394,123.5,2026-06-03,retail,South
HW-CEMENT-01,648,34.26,2026-06-03,distributor,West
HW-DRILL-02,195,180.63,2026-06-03,online,East
HW-DRILL-02,206,169.22,2026-06-03,online,North
HW-DRILL-02,213,182.37,2026-06-03,online,Central
PHA-ALL-007,1420,23.61,2026-06-03,retail,North
PHA-ANT-009,488,42.45,2026-06-03,online,East
PHA-ONC-001,112,915.75,2026-06-03,online,South
PHA-ONC-001,116,799.69,2026-06-03,wholesale,North
PHA-ONC-001,112,909.5,2026-06-03,online,South
ELC-AUD-008,265,255.59,2026-06-04,distributor,North
ELC-LAP-003,274,1340.51,2026-06-04,wholesale,Central
FSH-ACC-006,218,71.0,2026-06-04,online,West
FSH-MEN-004,350,88.32,2026-06-04,online,East
FSH-MEN-004,261,90.62,2026-06-04,retail,West
FSH-SHO-011,434,126.37,2026-06-04,online,Central
FSH-WOM-001,466,201.61,2026-06-04,distributor,West
HW-CEMENT-01,602,32.81,2026-06-04,distributor,Central
HW-CEMENT-01,612,29.46,2026-06-04,wholesale,North
HW-DRILL-02,248,183.96,2026-06-04,wholesale,West
HW-FAST-01,610,26.62,2026-06-04,online,South
HW-FAST-01,763,25.92,2026-06-04,distributor,Central
HW-WIRE-01,217,90.42,2026-06-04,distributor,East
HW-WIRE-01,231,89.08,2026-06-04,distributor,West
PHA-ALL-007,1518,22.1,2026-06-04,online,South
PHA-ALL-007,1498,23.75,2026-06-04,online,East
PHA-ANT-009,508,43.58,2026-06-04,wholesale,South
PHA-INS-002,562,171.32,2026-06-04,online,South
PHA-ONC-001,109,912.11,2026-06-04,wholesale,Central
AGR-FERT-001,567,42.37,2026-06-05,distributor,South
AGR-FERT-001,563,40.02,2026-06-05,wholesale,East
AGR-FERT-001,643,43.21,2026-06-05,distributor,East
AGR-PEST-007,273,36.79,2026-06-05,online,Central
ELC-AUD-008,232,267.19,2026-06-05,wholesale,North
ELC-LAP-003,254,1211.8,2026-06-05,online,West
ELC-LAP-003,208,1352.26,2026-06-05,distributor,Central
ELC-PHN-001,196,880.19,2026-06-05,retail,West
ELC-SHM-002,71,140.74,2026-06-05,distributor,East
ELC-SHM-002,80,158.93,2026-06-05,distributor,South
FSH-ACC-006,187,71.04,2026-06-05,distributor,North
FSH-ACC-006,222,69.8,2026-06-05,retail,East
FSH-ACC-006,189,65.36,2026-06-05,retail,East
FSH-MEN-004,312,81.94,2026-06-05,retail,South
FSH-SHO-011,413,127.66,2026-06-05,retail,South
HW-CEMENT-01,687,33.34,2026-06-05,distributor,West
HW-CEMENT-01,473,31.26,2026-06-05,wholesale,North
HW-CEMENT-01,488,32.16,2026-06-05,retail,East
PHA-ALL-007,1308,23.05,2026-06-05,wholesale,Central
PHA-ANT-009,389,45.48,2026-06-05,retail,Central
AGR-FERT-001,494,42.21,2026-06-06,distributor,Central
AGR-IRRI-003,150,305.04,2026-06-06,distributor,West
AGR-SEED-012,275,90.14,2026-06-06,distributor,South
AGR-SEED-012,301,86.52,2026-06-06,online,East
ELC-AUD-008,236,246.08,2026-06-06,wholesale,East
ELC-AUD-008,280,262.84,2026-06-06,wholesale,Central
ELC-LAP-003,236,1247.12,2026-06-06,online,South
ELC-LAP-003,289,1314.63,2026-06-06,online,East
FSH-ACC-006,222,73.33,2026-06-06,wholesale,South
FSH-ACC-006,223,71.06,2026-06-06,distributor,East
FSH-MEN-004,360,95.12,2026-06-06,retail,Central
FSH-SHO-011,366,119.59,2026-06-06,retail,Central
FSH-WOM-001,517,186.71,2026-06-06,distributor,South
HW-CEMENT-01,543,29.67,2026-06-06,wholesale,West
HW-DRILL-02,240,183.78,2026-06-06,retail,South
HW-FAST-01,520,27.02,2026-06-06,wholesale,South
HW-WIRE-01,222,101.92,2026-06-06,retail,South
PHA-ALL-007,1142,25.09,2026-06-06,retail,North
PHA-INS-002,637,171.34,2026-06-06,online,Central
PHA-INS-002,635,179.22,2026-06-06,wholesale,East
PHA-ONC-001,123,870.08,2026-06-06,retail,South
AGR-FERT-001,649,40.84,2026-06-07,online,North
AGR-FERT-001,528,41.12,2026-06-07,online,North
AGR-IRRI-003,128,291.46,2026-06-07,distributor,South
AGR-IRRI-003,171,274.09,2026-06-07,wholesale,East
AGR-SEED-012,296,84.84,2026-06-07,online,South
AGR-SEED-012,228,89.21,2026-06-07,online,South
ELC-PHN-001,232,916.36,2026-06-07,retail,South
ELC-PHN-001,208,942.14,2026-06-07,retail,West
FSH-MEN-004,284,88.76,2026-06-07,distributor,North
FSH-WOM-001,381,174.57,2026-06-07,wholesale,West
HW-CEMENT-01,538,31.64,2026-06-07,wholesale,East
HW-DRILL-02,260,169.32,2026-06-07,retail,East
HW-FAST-01,712,28.88,2026-06-07,online,North
HW-WIRE-01,237,93.97,2026-06-07,distributor,South
PHA-ANT-009,376,42.35,2026-06-07,online,Central
PHA-ANT-009,410,44.81,2026-06-07,retail,South
PHA-INS-002,479,176.59,2026-06-07,online,North
PHA-INS-002,578,176.68,2026-06-07,distributor,South
AGR-FERT-001,450,38.75,2026-06-08,distributor,West
AGR-IRRI-003,121,270.49,2026-06-08,distributor,Central
AGR-SEED-012,352,87.76,2026-06-08,retail,West
ELC-AUD-008,347,251.95,2026-06-08,distributor,Central
ELC-LAP-003,153,1260.45,2026-06-08,wholesale,North
ELC-PHN-001,243,864.65,2026-06-08,wholesale,North
ELC-PHN-001,220,876.8,2026-06-08,wholesale,West
FSH-SHO-011,218,122.07,2026-06-08,distributor,East
FSH-SHO-011,298,136.32,2026-06-08,retail,North
FSH-SHO-011,286,138.96,2026-06-08,retail,South
FSH-WOM-001,510,174.9,2026-06-08,online,South
HW-DRILL-02,199,169.46,2026-06-08,online,South
PHA-ALL-007,1102,24.04,2026-06-08,retail,Central
PHA-ALL-007,1187,25.07,2026-06-08,wholesale,West
PHA-ANT-009,612,48.38,2026-06-08,wholesale,West
AGR-FERT-001,529,42.61,2026-06-09,wholesale,West
AGR-FERT-001,476,41.22,2026-06-09,wholesale,West
AGR-FERT-001,497,44.5,2026-06-09,retail,South
AGR-FERT-001,453,42.96,2026-06-09,distributor,West
AGR-IRRI-003,101,263.25,2026-06-09,retail,North
AGR-PEST-007,304,36.97,2026-06-09,distributor,East
AGR-PEST-007,250,36.46,2026-06-09,wholesale,North
AGR-SEED-012,326,90.21,2026-06-09,online,West
AGR-SEED-012,349,90.56,2026-06-09,retail,West
AGR-SEED-012,368,82.34,2026-06-09,online,East
AGR-SEED-012,332,88.51,2026-06-09,distributor,South
ELC-AUD-008,360,251.64,2026-06-09,distributor,North
ELC-AUD-008,344,267.8,2026-06-09,online,Central
ELC-AUD-008,298,247.15,2026-06-09,retail,East
ELC-PHN-001,236,842.63,2026-06-09,online,West
ELC-PHN-001,186,959.19,2026-06-09,wholesale,East
ELC-SHM-002,151,137.71,2026-06-09,wholesale,West
FSH-ACC-006,351,73.06,2026-06-09,distributor,Central
FSH-MEN-004,358,84.69,2026-06-09,online,East
FSH-WOM-001,608,182.63,2026-06-09,wholesale,Central
FSH-WOM-001,725,189.64,2026-06-09,distributor,East
HW-FAST-01,591,26.33,2026-06-09,retail,Central
HW-WIRE-01,185,89.57,2026-06-09,online,West
HW-WIRE-01,268,98.55,2026-06-09,distributor,West
HW-WIRE-01,266,89.8,2026-06-09,wholesale,North
PHA-ALL-007,1059,23.46,2026-06-09,online,South
PHA-ANT-009,697,48.52,2026-06-09,retail,North
PHA-ANT-009,744,48.5,2026-06-09,distributor,East
PHA-INS-002,672,174.95,2026-06-09,retail,East
PHA-ONC-001,152,852.8,2026-06-09,retail,West
AGR-IRRI-003,108,288.07,2026-06-10,online,Central
AGR-SEED-012,336,92.13,2026-06-10,wholesale,East
ELC-LAP-003,136,1316.73,2026-06-10,distributor,North
ELC-LAP-003,150,1298.06,2026-06-10,distributor,Central
ELC-LAP-003,159,1387.89,2026-06-10,distributor,West
ELC-SHM-002,130,154.17,2026-06-10,distributor,Central
FSH-MEN-004,320,87.2,2026-06-10,retail,Central
FSH-SHO-011,249,136.28,2026-06-10,online,South
FSH-WOM-001,500,202.56,2026-06-10,retail,West
HW-DRILL-02,230,189.12,2026-06-10,online,North
HW-DRILL-02,171,173.05,2026-06-10,distributor,Central
HW-DRILL-02,199,167.12,2026-06-10,wholesale,West
HW-WIRE-01,249,98.22,2026-06-10,wholesale,West
PHA-INS-002,748,194.31,2026-06-10,online,North
AGR-FERT-001,518,42.3,2026-06-11,retail,West
AGR-IRRI-003,110,294.18,2026-06-11,retail,North
AGR-IRRI-003,131,289.58,2026-06-11,retail,North
AGR-IRRI-003,139,304.53,2026-06-11,distributor,North
AGR-PEST-007,220,32.96,2026-06-11,wholesale,East
ELC-LAP-003,146,1264.35,2026-06-11,online,South
ELC-LAP-003,150,1234.07,2026-06-11,wholesale,Central
ELC-PHN-001,197,951.41,2026-06-11,wholesale,East
FSH-ACC-006,299,66.34,2026-06-11,retail,East
FSH-MEN-004,395,90.24,2026-06-11,wholesale,East
FSH-SHO-011,214,126.08,2026-06-11,retail,West
FSH-SHO-011,254,132.66,2026-06-11,wholesale,South
FSH-SHO-011,212,135.06,2026-06-11,online,North
HW-CEMENT-01,1001,34.26,2026-06-11,distributor,North
HW-CEMENT-01,952,30.98,2026-06-11,distributor,South
HW-CEMENT-01,1006,31.91,2026-06-11,retail,South
HW-DRILL-02,222,192.25,2026-06-11,online,North
HW-DRILL-02,217,167.52,2026-06-11,wholesale,East
HW-FAST-01,568,29.98,2026-06-11,online,East
HW-FAST-01,612,27.58,2026-06-11,online,Central
HW-WIRE-01,238,98.61,2026-06-11,wholesale,West
PHA-ALL-007,1024,24.07,2026-06-11,online,North
PHA-ALL-007,1020,23.08,2026-06-11,distributor,Central
AGR-FERT-001,527,44.15,2026-06-12,distributor,East
ELC-SHM-002,138,158.33,2026-06-12,retail,South
FSH-MEN-004,315,83.79,2026-06-12,online,South
FSH-WOM-001,673,198.63,2026-06-12,retail,East
HW-CEMENT-01,846,33.22,2026-06-12,online,East
HW-CEMENT-01,948,33.11,2026-06-12,online,South
HW-FAST-01,538,26.52,2026-06-12,retail,Central
HW-FAST-01,485,28.27,2026-06-12,distributor,North
HW-WIRE-01,271,96.33,2026-06-12,distributor,East
HW-WIRE-01,259,95.39,2026-06-12,distributor,West
HW-WIRE-01,261,100.32,2026-06-12,distributor,South
PHA-ALL-007,905,25.27,2026-06-12,wholesale,East
PHA-ANT-009,695,44.14,2026-06-12,wholesale,West
PHA-ANT-009,747,45.52,2026-06-12,online,Central
PHA-INS-002,541,188.33,2026-06-12,online,North
PHA-INS-002,710,179.29,2026-06-12,retail,East
PHA-ONC-001,105,908.8,2026-06-12,wholesale,West
PHA-ONC-001,130,794.5,2026-06-12,retail,South
PHA-ONC-001,127,858.34,2026-06-12,online,North
AGR-PEST-007,228,33.78,2026-06-13,online,North
AGR-PEST-007,269,34.66,2026-06-13,online,South
ELC-AUD-008,355,239.74,2026-06-13,retail,East
ELC-AUD-008,347,265.79,2026-06-13,wholesale,North
ELC-PHN-001,212,924.82,2026-06-13,wholesale,North
FSH-ACC-006,294,67.4,2026-06-13,wholesale,West
FSH-MEN-004,433,89.39,2026-06-13,wholesale,Central
FSH-WOM-001,496,187.15,2026-06-13,retail,North
HW-CEMENT-01,812,32.55,2026-06-13,retail,Central
HW-FAST-01,577,28.29,2026-06-13,online,Central
HW-FAST-01,599,26.62,2026-06-13,online,Central
HW-WIRE-01,202,96.04,2026-06-13,distributor,North
PHA-ALL-007,998,24.81,2026-06-13,online,South
PHA-ALL-007,988,22.12,2026-06-13,wholesale,South
PHA-ONC-001,120,831.07,2026-06-13,retail,Central
PHA-ONC-001,120,814.69,2026-06-13,retail,North
AGR-FERT-001,647,39.38,2026-06-14,wholesale,North
AGR-FERT-001,586,44.89,2026-06-14,retail,West
AGR-PEST-007,245,34.33,2026-06-14,retail,Central
ELC-AUD-008,354,253.52,2026-06-14,online,Central
ELC-LAP-003,150,1302.03,2026-06-14,online,Central
ELC-LAP-003,156,1286.95,2026-06-14,online,South
ELC-PHN-001,236,859.82,2026-06-14,online,South
ELC-SHM-002,128,142.43,2026-06-14,retail,South
ELC-SHM-002,161,140.17,2026-06-14,online,North
FSH-ACC-006,406,67.58,2026-06-14,wholesale,West
FSH-ACC-006,298,64.07,2026-06-14,online,West
FSH-MEN-004,409,93.22,2026-06-14,online,Central
FSH-MEN-004,372,84.34,2026-06-14,wholesale,Central
FSH-SHO-011,271,135.74,2026-06-14,online,South
FSH-SHO-011,289,121.74,2026-06-14,retail,East
HW-DRILL-02,207,187.08,2026-06-14,online,Central
HW-DRILL-02,170,188.98,2026-06-14,distributor,West
HW-DRILL-02,220,171.71,2026-06-14,distributor,East
PHA-ALL-007,901,24.41,2026-06-14,retail,West
PHA-ANT-009,625,43.18,2026-06-14,distributor,North
PHA-INS-002,533,170.14,2026-06-14,online,Central
PHA-ONC-001,132,830.7,2026-06-14,wholesale,Central
AGR-FERT-001,737,38.69,2026-06-15,distributor,South
AGR-FERT-001,760,41.4,2026-06-15,wholesale,North
AGR-FERT-001,780,43.38,2026-06-15,online,Central
AGR-FERT-001,900,39.18,2026-06-15,wholesale,West
AGR-FERT-001,632,44.62,2026-06-15,online,South
AGR-FERT-001,799,43.1,2026-06-15,online,Central
AGR-IRRI-003,106,305.34,2026-06-15,wholesale,East
AGR-IRRI-003,120,268.14,2026-06-15,retail,Central
AGR-IRRI-003,145,275.1,2026-06-15,retail,West
AGR-IRRI-003,116,268.85,2026-06-15,wholesale,East
AGR-IRRI-003,126,303.57,2026-06-15,wholesale,Central
AGR-IRRI-003,128,266.11,2026-06-15,distributor,South
AGR-PEST-007,132,34.04,2026-06-15,online,West
AGR-PEST-007,159,36.32,2026-06-15,distributor,South
AGR-PEST-007,156,37.72,2026-06-15,distributor,South
AGR-PEST-007,134,36.91,2026-06-15,distributor,East
AGR-PEST-007,131,35.98,2026-06-15,online,West
AGR-PEST-007,164,35.99,2026-06-15,online,South
AGR-PEST-007,156,35.51,2026-06-15,online,South
AGR-PEST-007,153,33.31,2026-06-15,retail,Central
AGR-PEST-007,194,32.89,2026-06-15,distributor,West
AGR-SEED-012,370,90.48,2026-06-15,retail,Central
AGR-SEED-012,366,83.11,2026-06-15,distributor,South
AGR-SEED-012,317,88.47,2026-06-15,online,West
AGR-SEED-012,368,85.41,2026-06-15,distributor,Central
AGR-SEED-012,371,90.31,2026-06-15,retail,Central
AGR-SEED-012,310,82.51,2026-06-15,distributor,Central
AGR-SEED-012,311,87.5,2026-06-15,online,West
ELC-AUD-008,288,266.59,2026-06-15,online,North
ELC-AUD-008,267,253.69,2026-06-15,online,East
ELC-AUD-008,329,248.43,2026-06-15,distributor,West
ELC-AUD-008,274,249.49,2026-06-15,wholesale,West
ELC-AUD-008,282,256.11,2026-06-15,distributor,Central
ELC-AUD-008,286,237.87,2026-06-15,online,North
ELC-AUD-008,285,237.5,2026-06-15,retail,East
ELC-LAP-003,289,1321.63,2026-06-15,retail,South
ELC-LAP-003,248,1309.86,2026-06-15,online,South
ELC-LAP-003,284,1290.99,2026-06-15,online,South
ELC-LAP-003,286,1255.74,2026-06-15,wholesale,West
ELC-LAP-003,242,1293.23,2026-06-15,distributor,Central
ELC-PHN-001,145,956.46,2026-06-15,retail,East
ELC-PHN-001,186,827.32,2026-06-15,retail,East
ELC-PHN-001,142,922.62,2026-06-15,wholesale,Central
ELC-PHN-001,182,845.01,2026-06-15,wholesale,Central
ELC-PHN-001,183,874.0,2026-06-15,wholesale,Central
ELC-PHN-001,150,922.72,2026-06-15,distributor,South
ELC-PHN-001,176,885.49,2026-06-15,online,East
ELC-PHN-001,151,940.1,2026-06-15,wholesale,West
ELC-PHN-001,167,857.82,2026-06-15,distributor,South
ELC-SHM-002,79,150.79,2026-06-15,retail,East
ELC-SHM-002,68,148.19,2026-06-15,wholesale,South
ELC-SHM-002,91,152.33,2026-06-15,retail,South
ELC-SHM-002,82,157.78,2026-06-15,online,Central
ELC-SHM-002,75,140.94,2026-06-15,retail,East
ELC-SHM-002,95,157.25,2026-06-15,wholesale,South
ELC-SHM-002,97,143.62,2026-06-15,wholesale,Central
ELC-SHM-002,69,152.36,2026-06-15,retail,South
FSH-ACC-006,198,72.91,2026-06-15,retail,South
FSH-ACC-006,232,69.77,2026-06-15,distributor,South
FSH-ACC-006,275,65.47,2026-06-15,online,West
FSH-ACC-006,253,65.43,2026-06-15,online,North
FSH-ACC-006,219,71.88,2026-06-15,retail,Central
FSH-ACC-006,208,72.15,2026-06-15,online,South
FSH-ACC-006,234,68.22,2026-06-15,distributor,West
FSH-MEN-004,361,90.07,2026-06-15,distributor,South
FSH-MEN-004,367,91.75,2026-06-15,retail,Central
FSH-MEN-004,346,83.88,2026-06-15,wholesale,West
FSH-MEN-004,286,86.99,2026-06-15,online,West
FSH-MEN-004,305,87.35,2026-06-15,distributor,West
FSH-MEN-004,347,91.99,2026-06-15,distributor,West
FSH-MEN-004,290,82.32,2026-06-15,retail,East
FSH-MEN-004,316,89.54,2026-06-15,retail,West
FSH-SHO-011,301,138.03,2026-06-15,online,Central
FSH-SHO-011,253,135.46,2026-06-15,online,North
FSH-SHO-011,325,127.83,2026-06-15,retail,North
FSH-SHO-011,317,125.52,2026-06-15,online,West
FSH-SHO-011,243,130.52,2026-06-15,distributor,West
FSH-SHO-011,267,127.49,2026-06-15,wholesale,South
FSH-SHO-011,255,127.89,2026-06-15,retail,North
FSH-SHO-011,294,123.75,2026-06-15,wholesale,West
FSH-WOM-001,379,184.3,2026-06-15,distributor,Central
FSH-WOM-001,499,186.23,2026-06-15,wholesale,West
FSH-WOM-001,510,188.2,2026-06-15,retail,East
FSH-WOM-001,501,198.25,2026-06-15,online,Central
FSH-WOM-001,550,190.73,2026-06-15,retail,West
FSH-WOM-001,418,183.87,2026-06-15,online,West
FSH-WOM-001,439,190.08,2026-06-15,retail,North
FSH-WOM-001,440,192.17,2026-06-15,online,North
FSH-WOM-001,519,191.65,2026-06-15,retail,West
HW-CEMENT-01,918,32.82,2026-06-15,online,North
HW-CEMENT-01,998,29.59,2026-06-15,wholesale,West
HW-CEMENT-01,760,33.12,2026-06-15,distributor,North
HW-CEMENT-01,712,32.18,2026-06-15,distributor,North
HW-CEMENT-01,898,33.9,2026-06-15,online,East
HW-CEMENT-01,971,33.24,2026-06-15,distributor,Central
HW-DRILL-02,276,169.02,2026-06-15,distributor,South
HW-DRILL-02,290,176.52,2026-06-15,distributor,West
HW-DRILL-02,261,184.22,2026-06-15,online,West
HW-DRILL-02,287,185.23,2026-06-15,online,North
HW-DRILL-02,240,192.8,2026-06-15,retail,West
HW-DRILL-02,248,165.74,2026-06-15,retail,Central
HW-DRILL-02,308,192.75,2026-06-15,wholesale,West
HW-FAST-01,432,29.16,2026-06-15,retail,North
HW-FAST-01,534,28.15,2026-06-15,wholesale,North
HW-FAST-01,402,26.13,2026-06-15,online,South
HW-FAST-01,444,26.09,2026-06-15,retail,South
HW-FAST-01,426,26.04,2026-06-15,online,North
HW-FAST-01,445,25.87,2026-06-15,wholesale,East
HW-FAST-01,386,26.83,2026-06-15,wholesale,North
HW-FAST-01,427,29.32,2026-06-15,online,Central
HW-WIRE-01,324,98.98,2026-06-15,online,East
HW-WIRE-01,371,95.07,2026-06-15,wholesale,West
HW-WIRE-01,291,90.55,2026-06-15,online,West
HW-WIRE-01,279,97.96,2026-06-15,distributor,West
HW-WIRE-01,369,100.41,2026-06-15,distributor,North
HW-WIRE-01,303,98.18,2026-06-15,retail,East
PHA-ALL-007,1453,23.21,2026-06-15,online,Central
PHA-ALL-007,2016,25.2,2026-06-15,wholesale,West
PHA-ALL-007,1797,25.04,2026-06-15,wholesale,West
PHA-ALL-007,1725,24.33,2026-06-15,online,West
PHA-ALL-007,1583,23.55,2026-06-15,retail,South
PHA-ANT-009,744,47.72,2026-06-15,retail,Central
PHA-ANT-009,725,46.69,2026-06-15,distributor,Central
PHA-ANT-009,796,41.75,2026-06-15,wholesale,West
PHA-ANT-009,873,46.97,2026-06-15,wholesale,West
PHA-ANT-009,733,45.81,2026-06-15,online,Central
PHA-INS-002,392,181.05,2026-06-15,online,South
PHA-INS-002,406,193.87,2026-06-15,wholesale,West
PHA-INS-002,399,185.45,2026-06-15,wholesale,South
PHA-INS-002,527,179.58,2026-06-15,distributor,Central
PHA-INS-002,463,179.71,2026-06-15,retail,Central
PHA-INS-002,423,179.09,2026-06-15,retail,North
PHA-INS-002,392,174.12,2026-06-15,wholesale,Central
PHA-ONC-001,147,910.52,2026-06-15,distributor,East
PHA-ONC-001,138,785.36,2026-06-15,wholesale,Central
PHA-ONC-001,127,848.21,2026-06-15,wholesale,South
PHA-ONC-001,127,910.96,2026-06-15,retail,Central
PHA-ONC-001,102,790.9,2026-06-15,retail,West
PHA-ONC-001,106,855.13,2026-06-15,distributor,North
PHA-ONC-001,136,785.23,2026-06-15,wholesale,North
